LagList,Cost,Nu,Gamma,Correlacion
0.0625,7,16,0.8,0.560196400164055
0.0625,7,16,1,0.558230674649381
0.0625,7,16,0.9,0.55817468465839
0.0625,7,16,0.7,0.551514400058707
0.0625,7,8,0.9,0.550166635665805
0.0625,7,8,1,0.55016311250324
0.0625,7,16,0.6,0.544663042088734
0.0625,7,8,0.8,0.542742573898843
0.0625,7,8,0.7,0.541909975059307
0.0625,7,32,0.8,0.541574228529131
0.0625,7,32,1,0.541558869707858
0.0625,7,32,0.9,0.541558454138938
0.0625,8,32,0.9,0.540380823435222
0.0625,8,32,1,0.540294621200752
0.0625,8,32,0.8,0.540283048570568
0.0625,8,32,0.7,0.540179198240093
0.0625,7,8,0.6,0.538703130672701
0.0625,8,16,1,0.53546661556641
0.0625,8,16,0.8,0.535432696577355
0.0625,8,16,0.9,0.535426892318644
0.0625,6,16,0.8,0.533679355763241
0.0625,7,32,0.7,0.53337314013142
0.0625,6,32,0.9,0.530998811175713
0.0625,6,32,1,0.530875449470303
0.0625,7,16,0.5,0.530665350148441
0.125,5,64,1,0.529405758715778
0.125,5,64,0.9,0.529390346998382
0.125,5,64,0.8,0.52935794739771
0.0625,8,16,0.7,0.529157201174881
0.0625,7,4,0.9,0.527161475542209
0.0625,7,4,1,0.526837105315868
0.0625,8,32,0.6,0.525306975501017
0.0625,7,4,0.8,0.524345985746798
0.0625,8,64,1,0.523694523696909
0.0625,8,64,0.8,0.523693615253438
0.0625,8,64,0.9,0.523675741095665
0.0625,8,64,0.7,0.523662527141432
0.125,5,64,0.7,0.523609007371652
0.0625,6,16,1,0.522929575913206
0.0625,6,16,0.9,0.522681221550918
0.0625,6,32,0.1,0.522591423368688
0.0625,7,16,0.4,0.521600036776075
0.0625,7,4,0.7,0.521188887919404
0.0625,7,8,0.5,0.520447204205343
0.0625,8,64,0.6,0.519798908437397
0.0625,7,32,0.5,0.517443974799377
0.125,5,32,0.9,0.517000595544149
0.125,5,32,0.8,0.5169480293388
0.0625,7,32,0.6,0.51688631085304
0.125,5,32,1,0.516885719209684
2,1,16,0.9,0.514557023910139
0.0625,7,32,0.1,0.51359769246086
2,1,8,0.9,0.513508668565881
2,1,16,1,0.512852468326126
0.0625,8,16,0.6,0.51215826748002
0.0625,7,4,0.6,0.511997037282926
0.125,5,32,0.7,0.511690205188548
2,1,8,1,0.511637484428989
0.0625,7,8,0.4,0.511503362640847
0.0625,8,8,0.8,0.510993634907732
0.0625,6,16,0.1,0.510839409921518
0.0625,6,8,0.9,0.510080437985463
0.125,6,4,1,0.509872317318385
0.125,6,4,0.9,0.5097164074799
0.0625,6,8,1,0.50934848253422
1,1,64,0.5,0.508461964647744
2,1,8,0.8,0.508372217332447
0.0625,8,8,1,0.507062847977216
0.0625,8,8,0.9,0.507041673144633
1,1,256,0.3,0.507022585741265
0.0625,8,64,0.5,0.506682476889477
1,1,32,0.7,0.506469958786105
2,1,4,0.9,0.505850217082092
0.25,2,128,0.6,0.505804664940413
2,1,16,0.8,0.505796052903265
0.0625,7,2,0.7,0.50453039389619
1,1,32,0.2,0.504328793592561
0.25,2,1024,0.4,0.503730967101074
0.125,6,4,0.8,0.503619059321447
1,1,64,0.6,0.502994257190282
2,1,4,0.8,0.502842641223711
0.5,1,128,0.7,0.502488790987646
2,1,2,0.7,0.502099580111862
1,1,16,0.7,0.501656907133503
0.0625,7,32,0.4,0.50143063837719
0.0625,8,32,0.5,0.501406902368697
0.25,2,512,0.5,0.501396931864661
2,1,4,1,0.501334211070584
0.25,2,2048,0.4,0.501288901302368
1,1,8,0.7,0.501262957502929
0.5,1,128,0.3,0.500501102795443
1,1,64,0.4,0.500484189922773
0.5,1,32,0.3,0.500164325940826
2,1,2,0.8,0.500093649806139
1,1,32,0.6,0.500087775970729
0.5,1,64,0.3,0.499899685467525
0.0625,5,2048,0.9,0.499853188684109
0.0625,5,2048,1,0.499846942892684
0.0625,5,2048,0.7,0.49984100690335
0.0625,5,2048,0.8,0.499832673235764
0.25,2,32,0.5,0.49977895714762
2,1,2,0.9,0.499717598407447
1,1,128,0.3,0.499630218429458
0.0625,5,1024,0.8,0.499387822396124
0.0625,5,1024,0.9,0.499357809883462
0.0625,5,1024,1,0.499350319783213
2,1,1,0.7,0.499115391958892
0.5,1,16,0.4,0.498907152316477
0.25,2,64,0.5,0.498776024010957
0.25,3,64,1,0.498706448470896
0.25,3,64,0.9,0.498638712304884
0.5,1,4,0.4,0.498503564046627
0.5,1,16,0.3,0.498359786146985
1,1,128,0.4,0.498355250633058
0.5,1,8,0.4,0.498221391938854
2,1,2,1,0.498219344942727
0.25,3,128,1,0.498192961145091
0.25,3,128,0.9,0.498108853390959
0.125,7,4,0.9,0.497954266240549
1,1,1024,0.2,0.497949605654689
0.125,7,4,1,0.497931873342827
0.125,7,4,0.8,0.49782407252802
0.0625,7,4,0.5,0.497727826695765
2,1,32,0.9,0.497645858120136
0.25,1,256,0.4,0.497530190249937
0.0625,6,8,0.5,0.497514101181091
0.25,2,256,0.6,0.497363381532901
2,1,32,1,0.49726942629252
2,1,4,0.7,0.497244201255581
2,1,8,0.7,0.49715925379108
0.25,2,64,0.6,0.497122867710602
0.5,1,256,0.3,0.496756862707216
0.25,2,128,0.7,0.496677046531182
2,1,8,0.6,0.496586105265015
0.0625,6,4,0.9,0.496510742746849
0.25,2,256,0.5,0.496498842190407
1,1,2,0.4,0.496172773986299
1,1,512,0.2,0.49590032445056
0.0625,7,16,0.1,0.495866145869201
0.0625,5,1024,0.7,0.495723766376393
0.5,1,2,0.4,0.495711089986774
1,1,16,0.2,0.495693393392998
0.0625,6,8,0.8,0.495619442358882
0.25,2,512,0.4,0.495606149985954
1,1,64,0.7,0.495553535206494
2,1,32,0.8,0.495040607128992
2,1,4,0.6,0.495007503602644
0.25,1,512,0.4,0.494466397375184
0.5,2,4,0.7,0.494175551560272
2,1,4,0.5,0.494121220609182
1,1,4,0.4,0.494082224732936
0.0625,7,2,0.8,0.494050246019895
0.5,1,16,0.5,0.493840095821683
0.5,1,4,0.5,0.493583622614032
0.25,2,16,0.5,0.493583429761871
0.5,1,8,0.3,0.493442144445237
0.5,1,32,0.4,0.493284531439786
1,1,4,0.3,0.493097170376889
1,1,8,0.8,0.493046390176497
1,1,32,0.5,0.493027787513769
0.25,2,256,0.4,0.492879215999834
0.5,1,128,0.2,0.49272555689134
0.5,1,1,0.4,0.492708435067033
2,1,1,1,0.492550584864537
0.25,3,128,0.8,0.492440333637572
0.5,1,4,0.3,0.492149340885196
2,1,16,0.7,0.491967887967924
0.5,1,2,0.5,0.491941587653331
2,1,4,0.3,0.491899106179442
1,1,1,0.4,0.491766484771902
1,1,4,0.7,0.491689736505908
0.25,1,1024,0.3,0.491609579037488
0.0625,8,8,0.7,0.491485521867366
0.0625,6,32,0.8,0.491484193242655
2,1,2,0.6,0.491209360918693
2,1,16,0.3,0.491203514505514
0.5,2,4,0.6,0.491119187343692
0.5,1,64,0.2,0.491100277504609
0.25,2,32,0.6,0.490566002266201
1,1,8,0.3,0.490497725577999
0.5,1,8,0.5,0.490448080374869
0.125,6,2,0.9,0.49040094051831
0.125,6,2,1,0.4903612307007
2,1,8,0.5,0.490350044878882
2,1,16,0.6,0.490232042616308
1,1,8,0.9,0.490126480779612
2,1,8,0.3,0.489980922814264
1,1,0.5,0.5,0.489702710159405
0.125,2,512,0.2,0.489702465807086
2,1,1,0.8,0.489689567308723
0.25,2,128,0.5,0.489689529992365
2,1,2,0.5,0.48963611610883
1,1,16,0.3,0.489571205331434
0.5,1,1,0.5,0.489547690489886
0.25,1,2048,0.3,0.489521826987878
1,1,4,0.8,0.489396481784511
0.25,3,64,0.8,0.489346676111461
0.0625,7,2,0.9,0.48928761385904
4,1,2,0.8,0.489213073757
1,1,32,0.3,0.489168329255125
0.125,7,2,0.9,0.489164242766799
0.125,7,2,1,0.489145369524548
1,1,4,0.9,0.489107669752262
0.0625,6,4,0.1,0.489030073245885
0.5,1,2,0.3,0.488962720074313
1,1,2,0.8,0.488642816690208
0.25,3,64,0.7,0.488501444102467
4,1,1,0.9,0.488437190147223
1,1,16,0.8,0.488419676373318
1,1,1024,1,0.488387341963249
2,1,2,0.3,0.488347882929875
0.25,2,32,0.4,0.488338204043501
1,1,1,0.5,0.488309692899127
0.5,1,0.5,0.4,0.488220049027872
1,1,256,0.4,0.4881778944343
1,1,8,0.4,0.488139242167213
1,1,8,1,0.488091470568572
0.25,2,16,0.4,0.487979803132049
4,1,1,0.8,0.487911773195245
1,1,4,1,0.487800033921909
0.25,1,512,0.3,0.48774343575416
0.25,2,128,0.4,0.487626699464997
2,1,1,0.9,0.487586390707376
0.25,2,16,0.3,0.487566162169937
1,1,2,0.3,0.487556178618331
0.25,2,128,0.8,0.487507163788149
1,1,128,0.5,0.487307873949451
0.25,2,64,0.7,0.48715284705934
1,1,1,0.6,0.487146229966647
1,1,16,0.6,0.487107179144075
0.5,2,8,0.6,0.486932786496298
1,1,32,0.8,0.48683789081395
1,1,0.5,0.4,0.486546788663011
0.25,2,8,0.5,0.486412524620336
0.25,2,32,0.3,0.486368089685789
1,1,2,0.7,0.486204053256637
2,1,0.5,0.5,0.486178355031779
0.25,2,8,0.4,0.486020579512984
4,1,1,1,0.485980248383746
0.5,1,8,0.6,0.485971337350195
0.25,2,1024,0.5,0.485964916141217
1,1,0.25,0.5,0.485881642081195
0.25,2,4,0.4,0.485805703359626
1,1,16,0.4,0.485761288761854
0.5,2,4,0.8,0.485723746300218
0.0625,7,64,1,0.485614014974002
2,1,0.5,0.7,0.485507379364331
2,1,1,0.6,0.485481312527108
0.0625,7,64,0.9,0.485440496302341
0.0625,7,2,0.6,0.485418394475062
0.0625,7,64,0.8,0.485390506408792
2,1,2,0.4,0.485318969614416
0.5,2,8,0.7,0.485309078660285
0.25,3,256,1,0.485281413610292
0.25,3,256,0.9,0.485146526870095
1,1,2,0.5,0.48511788639482
0.25,2,64,0.2,0.485048858451728
0.5,2,2,0.5,0.48504360174809
0.5,1,64,0.7,0.48503341618054
2,1,0.5,0.4,0.485016170249164
2,1,4,0.4,0.485009400538822
0.25,3,256,0.8,0.484912576401339
0.25,1,512,0.5,0.48479566299629
2,1,0.5,0.6,0.484784638048294
0.125,7,2,0.8,0.484764121104188
0.5,1,64,0.8,0.484757352203157
0.0625,6,8,0.1,0.48453088632377
4,1,2,0.9,0.484406346371938
2,1,1,0.4,0.484346931075406
0.25,2,16,0.6,0.484297971350147
1,1,1,0.7,0.484092722273866
1,1,4,0.5,0.484051972461652
2,1,1,0.5,0.483983113476719
1,1,8,0.6,0.483942301860233
0.0625,7,4,0.4,0.483921427926867
1,1,2,0.6,0.483905650474092
1,1,512,1,0.483904583968783
0.5,1,4,0.6,0.483887221670364
0.25,1,128,0.4,0.483586770505142
2,1,8,0.4,0.483488855529849
0.5,2,16,0.6,0.483441266308176
0.5,2,2,0.7,0.483321847689955
2,1,16,0.2,0.483304169645246
0.25,3,32,0.9,0.483284407307514
0.5,2,2,0.6,0.483222430595216
0.25,3,32,1,0.483182089948594
2,1,16,0.5,0.483128057201531
0.0625,7,2,1,0.482976969931557
2,1,4,0.2,0.482947134693908
0.0625,7,64,0.7,0.482826399633797
0.125,7,1,1,0.482769584765968
0.5,1,0.5,0.5,0.482741467769712
0.5,1,64,0.4,0.482734602231729
1,1,1,0.8,0.482611486807805
2,1,8,0.2,0.48258017244389
1,1,1,0.3,0.482570414018432
0.125,2,256,0.2,0.482548179441834
0.25,2,8,0.3,0.482521530161033
0.25,1,256,0.2,0.482369991070168
1,1,4,0.6,0.482288881507708
0.5,1,32,0.8,0.482269938698771
1,1,16,0.5,0.482208643026576
4,1,0.5,0.4,0.482155789111069
1,1,8,0.2,0.482080743141576
0.125,5,128,0.9,0.482053873296549
4,1,1,0.7,0.482021543504096
2,1,32,0.3,0.482021253442926
0.125,5,128,1,0.481906142739325
0.125,5,128,0.8,0.48187121332597
0.125,7,2,0.7,0.481797797362603
0.125,5,128,0.7,0.481745906169143
4,1,2,1,0.48138735831009
0.5,1,16,0.6,0.481330574447642
0.125,7,4,0.7,0.481219321613866
0.25,1,1024,0.2,0.481164110829595
0.125,7,1,0.9,0.481124155047323
0.5,2,4,0.5,0.480878209531532
0.25,2,4,0.5,0.480877617692471
0.0625,5,512,0.7,0.480774963696973
1,1,256,0.2,0.480756225653002
0.25,2,512,0.6,0.480700868427057
1,1,128,0.6,0.480632363855831
2,1,2,0.2,0.480526603687343
0.25,1,512,0.2,0.480458684805192
1,1,2,0.9,0.480424874604682
0.125,2,128,0.2,0.480362538253816
1,1,0.5,0.3,0.48027558650035
2,1,32,0.7,0.480145898975129
1,1,0.25,0.4,0.480122015187234
0.5,1,1,0.3,0.480107992451511
0.5,2,1,0.7,0.480024496403457
0.0625,6,4,1,0.480012414507068
0.25,3,128,0.7,0.479981594851682
0.0625,2,32,0.1,0.479978995655779
1,1,512,0.9,0.47991769573438
2,1,0.25,0.3,0.479896567978898
1,1,16,0.9,0.479893950145258
0.25,1,1,0.4,0.479880810101948
4,1,1,0.3,0.479861544566748
2,1,1,0.3,0.479785725448427
0.25,1,4,0.4,0.479730129440759
1,1,64,0.2,0.47965490934938
0.25,2,2,0.6,0.479521893951427
2,1,0.5,0.8,0.479505198258127
0.5,1,32,0.2,0.479469465975801
0.125,2,64,0.3,0.479311534398225
0.25,1,8,0.4,0.479124293460244
0.5,1,16,0.8,0.479116109744779
0.25,1,2,0.4,0.479098629973612
4,1,1,0.6,0.47905120649691
0.25,2,2,0.5,0.479000248086254
0.5,2,1,0.5,0.478987925889954
1,1,0.5,0.6,0.478983568352447
0.5,2,16,0.5,0.478886883786604
2,1,0.5,0.9,0.478822571680765
0.5,1,8,0.7,0.478638692923922
0.5,1,32,0.5,0.478605875904678
0.5,2,1,0.6,0.478602145172609
0.25,1,256,0.5,0.47850126547677
4,1,0.5,0.3,0.478496445288202
0.5,1,0.25,0.5,0.478482508196155
4,1,2,0.7,0.478456877694147
0.25,2,64,0.4,0.478385148423391
0.25,1,64,0.4,0.478237968842764
0.25,1,4096,0.3,0.47814849586071
0.0625,2,4096,0.2,0.478077152881902
4,1,1,0.4,0.478036761403366
0.5,1,16,0.7,0.478034290645438
0.0625,7,2,0.5,0.477877457330878
0.25,2,8,0.6,0.477844572429315
2,1,0.5,0.3,0.477836185835044
0.0625,8,16,0.5,0.477792667494796
1,1,8,0.5,0.477790525687114
0.125,2,128,0.3,0.477588453816995
0.25,2,2,0.7,0.477365773829519
4,1,2,0.3,0.477269761176529
0.25,2,1,0.5,0.477233005184671
0.5,2,2,0.8,0.477182261239359
0.0625,2,16,0.1,0.477164911020795
0.25,2,64,0.3,0.477149559732861
0.0625,6,16,0.7,0.477126864296574
0.25,1,256,0.3,0.476783975500777
0.5,1,256,0.7,0.476512632082486
0.5,2,8,0.8,0.476400236902736
1,1,4,0.2,0.476382904605831
0.25,3,8,0.4,0.476370656944573
0.5,1,16,0.2,0.476369570538717
0.25,2,1,0.6,0.476354681960698
0.0625,5,512,1,0.476328774673327
0.5,1,0.25,0.4,0.476295421627427
0.5,1,2,0.6,0.476229461347378
0.0625,5,512,0.9,0.476200326805461
1,1,0.25,0.3,0.476185236318356
1,1,16,1,0.476155826596906
0.0625,5,512,0.8,0.476075274320881
1,1,1024,0.9,0.476016061194673
0.25,1,2048,0.8,0.475917230233933
2,1,0.25,0.5,0.47585513676182
1,1,64,0.8,0.475838873980371
0.25,2,4,0.6,0.475832075390998
2,1,16,0.4,0.475804793368286
0.5,2,32,0.6,0.475504994407422
0.25,2,2,0.4,0.475496711621589
0.5,2,4,0.4,0.475206455345511
2,1,0.25,0.6,0.47519618202229
0.5,1,8,0.2,0.475166879642287
0.5,2,0.5,0.6,0.475149801421037
0.5,2,8,0.5,0.475143614869378
0.5,1,128,0.8,0.47508027525993
0.0625,6,8,0.6,0.475005812232096
0.0625,6,8,0.7,0.475002223007849
0.25,3,32,0.8,0.474986036356929
0.5,2,1,0.8,0.474968748696333
0.5,1,64,0.9,0.474900720327531
1,1,0.5,0.7,0.474871923025767
1,1,0.125,0.5,0.474775263183797
2,1,0.25,0.4,0.474771551417363
1,1,0.5,0.8,0.474729187961142
1,1,0.25,0.6,0.47459837561888
0.25,3,512,1,0.474508447799491
4,1,2,0.4,0.474472766281042
0.25,1,32,0.3,0.474469383489249
0.25,3,512,0.9,0.474426050594377
1,1,1,0.9,0.474392573008265
0.25,1,64,0.3,0.474248590318877
0.25,3,512,0.8,0.474237891597759
0.5,2,2,0.4,0.474147669192479
0.25,2,32,0.2,0.474125474256059
1,1,0.125,0.4,0.474054576723115
4,1,0.5,1,0.474044613160159
0.25,2,4,0.3,0.473983392413572
0.5,1,32,0.9,0.473975475414507
2,1,32,0.6,0.473867170836023
0.125,2,8,0.4,0.473640388500639
0.25,1,4,0.5,0.473527334417524
2,1,32,0.4,0.473498523788255
0.5,2,16,0.7,0.473493480889139
0.5,2,4,0.9,0.473237396763292
0.5,1,1,0.6,0.473212893014662
4,1,1,0.5,0.473199359957048
0.125,2,32,0.3,0.473185823758251
0.125,2,4,0.1,0.473102892448899
0.5,1,4,0.2,0.473035681468658
4,1,0.5,0.5,0.472979404212636
0.25,2,4,0.7,0.472694723787112
0.25,2,64,0.8,0.472672565096812
0.5,1,8,0.8,0.472632248397184
0.5,2,32,0.5,0.472624663987498
0.25,1,64,0.5,0.472443719003188
4,1,0.5,0.2,0.472101638750361
0.125,2,16,0.4,0.472021917025395
4,1,2,0.6,0.472014860171299
4,1,0.25,0.3,0.472007050555244
4,1,0.5,0.9,0.472006602389431
0.0625,6,4,0.5,0.47188278233053
4,1,4,0.7,0.47183347023554
0.25,2,32,0.7,0.471817633397036
0.5,1,0.5,0.3,0.471730219838529
0.5,2,64,0.6,0.471720890196375
0.125,7,4,0.6,0.471679380614377
4,1,0.5,0.8,0.4716471346924
0.25,2,1,0.7,0.4715674804751
0.25,1,16,0.3,0.471425189293426
0.125,5,16,0.7,0.47141981029876
4,1,4,0.8,0.471398644017467
1,1,64,0.3,0.471344463196826
0.25,1,128,0.3,0.471206978538878
0.125,2,64,0.2,0.471143314106008
0.5,1,2,0.2,0.471040117636126
0.125,2,1024,0.2,0.471039471462547
0.125,2,16,0.3,0.470921513947675
0.25,1,16,0.4,0.470886748948362
0.125,6,2,0.8,0.470872717598719
2,1,0.25,0.7,0.470838341549755
0.25,1,128,0.2,0.470822635994461
0.5,2,8,0.9,0.470821359642557
0.125,3,8,0.4,0.470767519069902
2,1,1,0.2,0.47072034294617
1,1,32,0.4,0.470710901333374
2,1,64,0.3,0.47066479401248
2,1,0.125,0.3,0.470646277057005
0.0625,2,1024,0.3,0.47061662672374
0.25,1,8,0.3,0.470609468019428
0.125,2,4,0.5,0.470579410005278
1,1,0.125,0.3,0.470564259025054
4,1,0.5,0.7,0.470505845992392
0.25,2,8,0.7,0.47048047687494
0.125,2,256,0.3,0.47046410630503
2,1,32,0.5,0.470450496329327
0.125,2,8,0.1,0.470432694915781
0.125,2,4,0.4,0.470236855971355
0.25,2,128,0.3,0.47020168351202
2,1,128,0.4,0.470061317011836
0.25,1,0.5,0.4,0.470046158205017
0.0625,2,64,0.1,0.469857474499638
1,1,2,1,0.469730888013373
0.5,1,32,0.6,0.469702955526007
2,1,0.5,1,0.469695986166101
0.25,1,0.5,0.5,0.469583809042451
0.25,2,256,0.7,0.469581850040734
0.5,2,0.5,0.5,0.469523543949888
0.25,1,1,0.5,0.469516158460697
0.5,2,8,1,0.469444683616997
0.125,3,2,0.7,0.469279349286437
0.25,1,32,0.4,0.469154393348463
0.5,1,16,0.9,0.469045953913832
0.5,1,0.125,0.4,0.468931381847775
0.5,1,64,1,0.468903475948959
4,1,0.5,0.6,0.468820592980234
0.5,1,0.125,0.5,0.468748281496883
0.0625,2,2048,0.2,0.468655009311999
0.25,3,4,0.4,0.468608890183883
0.0625,8,8,0.6,0.468454160933118
0.5,1,64,0.5,0.468377616370976
0.25,1,2048,0.2,0.468356644507391
4,1,4,1,0.468261533942751
4,1,4,0.3,0.468260777998425
4,1,4,0.9,0.468254886775504
0.125,1,8,0.4,0.468172653769539
0.25,2,256,1,0.468128199005772
0.25,3,32,0.7,0.467988493899803
0.5,1,1,0.2,0.467965614540771
0.5,1,4,0.7,0.467954383972146
0.125,2,32,0.4,0.467817607738604
4,1,4,0.4,0.467808731213934
4,1,2,0.5,0.467729266225297
1,1,0.25,0.7,0.467716989571299
1,1,0.25,0.8,0.467698441811914
0.125,1,16,0.4,0.467637980394558
0.125,2,2,0.1,0.467548108291036
1,1,32,0.9,0.467477766587674
0.25,3,16,0.9,0.467475191533793
0.125,5,16,0.6,0.4674639623312
0.25,3,16,1,0.467453143762939
0.25,1,2,0.3,0.467447310961376
0.0625,3,32,0.6,0.467436977342089
0.5,2,16,0.4,0.467421434984321
2,1,0.25,0.8,0.467338432174593
0.0625,6,4,0.8,0.467277664842073
4,1,1,0.2,0.467030769023791
0.125,3,1,0.7,0.466804942909279
0.5,1,32,1,0.466804065062121
1,1,0.5,0.2,0.466384852749413
4,1,0.25,0.4,0.466357895361944
1,1,1,0.2,0.466345624671622
0.25,2,0.5,0.7,0.466331659900877
0.25,1,64,0.2,0.466330634158465
0.5,2,0.5,0.7,0.466326790076345
0.25,1,8,0.5,0.466311847909959
0.5,1,0.5,0.6,0.466261113671988
1,1,128,0.7,0.466144321425792
0.25,2,16,0.7,0.466136010970518
0.25,2,8,0.2,0.466108383318896
2,1,0.25,0.9,0.465910430910384
2,1,64,0.6,0.465869551730116
0.125,1,16,0.3,0.46586013535992
0.25,3,0.5,0.8,0.465796413543287
0.25,2,1,0.8,0.465734994304684
0.5,1,2048,0.3,0.465709046641451
0.125,6,8,0.8,0.465705149434936
0.125,2,8,0.3,0.465615116164558
1,1,0.5,0.9,0.465560380166644
0.5,2,8,0.4,0.465527906266193
0.125,2,2,0.5,0.465499004769193
0.25,1,4,0.3,0.465472353236832
0.125,3,1,0.8,0.465454757518426
0.125,2,16,0.2,0.465442663142528
0.125,7,8,1,0.465404922325062
0.25,1,2,0.5,0.465385580207987
0.25,2,128,0.9,0.465371015383875
0.125,1,128,0.4,0.465353234096645
2,1,32,0.2,0.465298299310853
0.125,7,8,0.9,0.46528920948211
0.125,7,8,0.8,0.465263255134609
1,1,512,0.4,0.465251767183801
0.25,2,2,0.8,0.465177030294364
0.125,6,8,0.9,0.464971623357954
0.0625,2,512,0.3,0.464949537882757
0.125,6,8,1,0.464915540954621
2,1,64,0.7,0.464889764122819
0.125,1,64,0.3,0.464880106005153
0.25,1,512,0.6,0.464711871151553
0.5,1,2,0.7,0.464711712322503
0.125,1,32,0.3,0.464628374727852
0.125,7,2,0.6,0.464607489970816
0.25,1,16,0.5,0.464562215498432
0.125,1,32,0.4,0.464554202403088
0.5,1,0.125,0.6,0.464540775326872
0.25,2,256,0.3,0.464440914665226
0.0625,2,8,0.1,0.464379280844037
0.25,2,128,1,0.46436307663216
0.25,1,128,0.5,0.464349410604696
0.5,2,64,0.3,0.46434638175048
0.5,2,0.5,0.8,0.464328297044386
0.5,1,4,0.8,0.464300651973865
0.125,2,2,0.6,0.464281150054493
0.125,3,4,0.6,0.464257707884406
0.25,2,256,0.9,0.46421774072851
0.25,2,0.5,0.6,0.464084745183988
2,1,0.5,0.2,0.464048316887228
0.0625,3,16,0.6,0.463994032196177
0.25,1,512,0.8,0.463925323671569
1,1,256,1,0.463901913216235
0.125,3,16,0.4,0.463871654116757
0.0625,6,16,0.5,0.463814225201874
0.125,3,2,0.6,0.463812287698099
0.5,1,0.25,0.3,0.463731737612393
0.25,2,1,0.4,0.463715239789276
0.25,2,16,0.2,0.463690415759873
4,1,4,0.6,0.463671397762875
0.125,2,4,0.3,0.463651103218224
0.125,7,1,0.8,0.463637277480163
1,1,2,0.2,0.463616112347416
0.25,1,1024,0.8,0.46360565166292
0.125,1,1024,0.9,0.463585317258727
0.125,2,2,0.7,0.463473879978125
0.0625,1,512,0.3,0.463297765819303
2,1,64,0.4,0.463289722281162
0.0625,2,2048,0.3,0.463288772243686
0.0625,1,2048,0.3,0.463261899669474
0.25,1,32,0.5,0.463255220971386
0.25,1,1,0.3,0.463237509916021
0.5,1,32,0.7,0.463067348184427
0.0625,6,4,0.4,0.463019556767887
0.0625,6,16,0.6,0.462987359886599
0.0625,1,1024,0.3,0.462911985005398
2,1,0.125,0.4,0.462865325219035
1,1,128,0.9,0.462824770258382
0.25,1,0.5,0.6,0.462642870095935
0.125,7,8,0.7,0.462616552737625
0.125,2,2,0.4,0.462553301993274
0.0625,3,4,0.7,0.462544880930832
0.5,1,1,0.8,0.462493936593837
0.125,1,64,0.4,0.462400572063014
0.25,3,0.5,0.7,0.462400011592933
1,1,0.125,0.7,0.462300191758412
0.25,1,32,0.2,0.462232891163923
0.125,2,512,0.5,0.462214192123177
0.5,1,16,1,0.46216282988931
0.5,1,8,0.9,0.462148565644977
0.0625,2,64,0.4,0.462013584116936
0.0625,3,128,0.4,0.461918710146885
0.5,1,0.5,0.7,0.461880438346569
1,1,32,1,0.461747179241449
1,1,128,1,0.461734069370901
0.5,2,4,1,0.461706054747878
1,1,256,0.9,0.461683659071473
1,1,512,0.3,0.461664101290747
1,1,0.125,0.6,0.461652714513558
0.0625,2,64,0.3,0.461591165830051
0.125,1,128,0.3,0.461532287642936
0.25,1,0.25,0.4,0.461510010511009
0.125,5,64,0.6,0.461487755421993
0.125,1,8,0.3,0.461474650833773
2,1,0.125,0.5,0.461382770747751
0.0625,2,128,0.3,0.461302261376228
0.0625,2,32,0.3,0.461246407974994
0.125,6,1,0.9,0.461233090910228
0.5,1,0.5,0.2,0.4611735233645
0.25,3,1,0.6,0.461148115202026
0.5,3,0.5,0.8,0.461132759164114
0.125,2,4,0.6,0.461118723663017
0.125,6,1,1,0.461059994499359
0.125,1,4,0.4,0.461020450694094
0.0625,3,32,0.5,0.461015619983154
0.25,2,2,0.3,0.461015024153927
0.25,1,0.25,0.7,0.460929411593962
0.5,2,1,0.4,0.460915581976951
0.25,2,128,0.2,0.460857594185748
0.5,1,0.25,0.7,0.460641854648419
0.25,2,0.5,0.8,0.460575594353411
0.0625,1,256,0.3,0.460506454868153
0.5,3,0.25,0.9,0.460454452927241
0.25,3,1,0.8,0.460390206124717
0.0625,1,4096,0.3,0.460356948612863
0.5,2,4096,0.4,0.460266921839553
4,1,0.25,0.9,0.460246163390754
0.0625,2,32,0.4,0.460230352373489
0.25,1,1,0.6,0.460139779950743
0.25,1,1024,0.4,0.460098781893729
4,1,0.25,1,0.459953337559147
0.125,1,4,0.5,0.45995163686256
0.125,1,512,0.9,0.459850472875259
0.25,3,16,0.4,0.459799117500185
2,1,256,0.4,0.459784743829165
0.0625,2,16,0.3,0.459760474994996
0.25,3,1,0.7,0.459715047363039
0.125,2,1,0.8,0.459675668176406
0.0625,3,64,0.6,0.459663880765925
0.125,3,4,0.7,0.459598763294143
2,1,64,1,0.459498156867462
1,1,0.5,1,0.459389811929083
0.25,1,128,0.7,0.459389160160711
0.5,3,0.25,0.8,0.459380405639153
0.125,1,2048,0.9,0.459362088916625
0.125,3,0.5,0.8,0.459265488074973
1,1,64,0.9,0.45922401587831
0.125,3,2,0.8,0.459149387645191
2,1,64,0.9,0.459142212604988
0.0625,3,8,0.7,0.459101096809464
0.25,1,0.25,0.6,0.459083538794373
0.125,2,2,0.3,0.459060353216738
0.125,1,4096,0.2,0.459029323029675
0.0625,3,16,0.7,0.45902895604975
1,1,0.0625,0.5,0.458964914449207
0.0625,3,32,0.3,0.45894192789257
0.5,1,0.25,0.6,0.458939228777624
0.125,2,4,0.7,0.458883503798579
4,1,0.25,0.8,0.458676459486986
0.125,3,8,0.3,0.458587781860744
1,1,1024,0.4,0.458584386725112
0.125,2,1,0.5,0.458561206777381
0.125,2,8,0.5,0.458482705322001
0.25,1,0.25,0.5,0.458435566840423
2,1,64,0.8,0.458397123171824
0.5,1,8,1,0.458396861965205
0.125,2,64,0.4,0.458306883478205
0.5,2,2,0.9,0.458303641099253
0.5,1,1,0.7,0.458264176167109
0.0625,6,2,0.9,0.458204679506047
0.125,3,1,1,0.458153211202654
1,1,128,0.8,0.458106919122562
0.25,1,16,0.2,0.45808419474006
0.5,2,32,0.7,0.458036811475075
0.5,3,4,0.8,0.458023804177059
4,1,0.25,0.7,0.458004634551088
0.125,2,8,0.2,0.457986894626031
0.125,2,1,0.1,0.457981331508596
2,1,0.125,0.6,0.457970345051279
0.25,2,32,0.8,0.457912566334725
0.5,1,2048,0.4,0.457900136380553
0.5,3,4,1,0.457899648478038
0.125,2,1,0.7,0.457868201009411
0.5,3,4,0.9,0.45785719370266
0.5,1,0.5,0.8,0.457814736113121
1,1,0.25,1,0.45775758866091
4,1,4,0.5,0.457684975718541
0.25,2,4,0.8,0.457678201840634
4,1,0.125,0.3,0.457651653795285
0.25,1,16,1,0.457547899883628
0.25,3,512,0.7,0.457473589845275
4,1,0.25,0.5,0.457432049953636
0.5,2,32,0.4,0.457376298024396
0.5,2,4,0.3,0.45735795576231
0.5,1,1024,0.3,0.457273413112751
0.25,3,16,0.7,0.457249171834072
0.5,1,2,0.8,0.457221553987583
0.25,1,64,0.7,0.45718982938367
0.0625,3,2,0.8,0.457188204926273
0.5,1,256,0.2,0.457089953619556
0.25,1,4096,0.8,0.457079884834654
0.25,1,0.5,0.3,0.45707568188814
0.125,1,4096,0.7,0.457065914352623
0.25,1,128,0.6,0.456985082175367
0.0625,1,128,0.4,0.456963830742792
0.25,1,128,1,0.456956091895855
0.25,2,0.5,0.5,0.456949766345366
0.25,2,2,0.1,0.456942219209397
0.0625,2,16,0.4,0.456928731650157
0.0625,3,2,0.7,0.456856314091583
0.25,2,1,0.1,0.45685529193891
4,1,2,0.2,0.456747875127335
0.125,2,1,0.6,0.456738543284477
0.0625,3,16,0.5,0.456700056954069
0.5,3,4,0.7,0.456695412700963
0.125,1,256,1,0.456683353286558
0.5,1,0.0625,0.5,0.456597589881404
0.0625,2,16,0.5,0.456552232912959
0.25,3,0.25,0.8,0.456497500741972
0.0625,2,8,0.3,0.456463734631811
0.0625,3,4,0.8,0.456434256254605
0.25,1,64,0.9,0.456400391370523
0.5,1,0.125,0.7,0.456386064906597
0.25,1,256,1,0.456352513844684
0.125,1,8,0.5,0.456321961771629
1,1,0.25,0.9,0.456308178196693
0.0625,2,256,0.3,0.456290474652357
0.25,2,0.25,0.7,0.456164453313151
0.125,2,128,0.4,0.456087285562902
0.25,2,2,0.2,0.455983436913943
0.25,1,8,0.2,0.455978952921933
0.0625,2,4,0.1,0.455971767018806
1,1,64,1,0.455917980218072
1,1,1,1,0.455907716666098
0.25,1,4,0.2,0.455881924605191
0.125,1,1024,0.8,0.455812619090333
4,1,0.25,0.6,0.455794081334729
8,1,0.5,0.3,0.455777811332631
0.25,2,0.25,0.8,0.45576756468434
0.125,1,2048,0.7,0.455743973507884
0.5,1,0.0625,0.6,0.455685616630548
0.125,2,2,0.8,0.45566023973323
0.5,2,2,0.3,0.455645855084058
8,1,1,0.3,0.4556323179857
0.25,1,64,0.6,0.455631675366221
2,1,0.125,0.7,0.45553726107029
0.25,3,8,0.3,0.455505371058587
0.0625,6,2,0.1,0.455441869067699
0.25,2,4,0.2,0.455436097098345
0.0625,3,64,0.4,0.455402142105437
0.125,1,256,0.3,0.455298239463661
1,1,0.0625,0.4,0.455242283122988
2,1,64,0.2,0.455207967187218
0.125,2,512,0.3,0.455201872744165
0.0625,8,32,0.4,0.455107670618669
0.25,1,0.125,0.7,0.455072349877842
0.125,1,512,1,0.455057560549698
0.125,2,32,0.2,0.454947933277153
1,1,256,0.5,0.454946228914166
0.125,3,2,0.9,0.454923202472709
0.125,7,1,0.7,0.454892763418659
1,1,0.25,0.2,0.454864061818377
0.0625,3,16,1,0.454826567892347
0.125,1,256,0.2,0.45481840758856
0.25,1,64,1,0.454791152800034
0.25,2,8,0.8,0.454787100171018
0.5,2,8,0.3,0.454783830735113
0.25,3,4,0.8,0.454698656751808
0.25,1,4096,0.7,0.45448755674941
0.5,1,4,1,0.454310795338855
0.25,3,0.5,0.9,0.454289339950515
0.125,1,4,0.3,0.454064223544245
0.0625,3,64,0.3,0.454047070765449
0.0625,3,4,1,0.454046711333642
0.25,2,2,0.9,0.4539575538493
0.0625,1,128,0.3,0.453944412092511
1,1,0.0625,0.6,0.453925597339863
0.125,1,512,0.7,0.453897216543983
0.125,1,256,0.9,0.453869608317489
0.25,1,32,0.9,0.453867263697191
0.25,1,32,0.8,0.453819330993491
0.125,2,8,0.7,0.453789435639
0.25,1,0.125,0.6,0.453786250168783
0.25,1,0.5,0.7,0.453784716954663
0.0625,2,4,0.5,0.453761005920196
0.5,3,2,0.8,0.453690277708628
0.5,1,0.25,0.8,0.453667757114516
0.25,1,32,0.6,0.453657534525261
0.25,1,1024,0.9,0.453641568667019
0.25,2,16,0.8,0.453630099422865
0.25,3,2,0.8,0.453610486267719
0.5,1,512,0.6,0.453606774940297
0.0625,2,128,0.2,0.453589816709664
0.25,3,2,0.7,0.453563547844242
0.0625,2,32,0.2,0.453517101464902
1,1,0.125,0.8,0.45348792695035
0.125,1,2,0.4,0.453470852008639
2,1,64,0.5,0.4534098580121
0.25,1,2,0.2,0.453407383252646
2,1,0.125,0.8,0.45340003532391
0.125,1,1,0.6,0.453392277322576
0.5,3,0.5,0.9,0.453333667035643
0.25,1,256,0.8,0.453323549192089
0.125,3,2,1,0.453319059399917
0.0625,2,8,0.5,0.453291498387194
0.5,1,2,0.9,0.453270778757118
0.25,3,8,1,0.453244075191685
0.5,2,16,0.8,0.453222577839221
0.125,1,2048,0.2,0.453146469811764
2,1,0.0625,0.3,0.453136752408272
0.0625,7,64,0.5,0.453089964181091
0.25,3,8,0.9,0.453077314124192
8,1,1,0.4,0.453067264084461
0.5,1,0.5,0.9,0.453000752252491
0.0625,3,2,0.9,0.452995757542251
0.25,3,16,0.8,0.452979034400628
0.25,3,2,0.4,0.452939786161428
0.5,1,4,0.9,0.452872551637976
2,1,0.25,0.2,0.452812203006817
0.0625,2,8,0.7,0.452649380005604
0.125,2,4,0.2,0.452617303794098
0.0625,2,4,0.8,0.452609281980659
0.25,1,16,0.9,0.452560465466203
0.25,1,0.25,0.8,0.452553577165565
0.125,2,4,0.8,0.452492680646415
0.125,3,8,0.6,0.452426770088239
4,1,8,0.7,0.452341748995789
0.5,3,8,0.7,0.452332894030015
0.0625,1,64,0.5,0.452331167719595
0.5,1,128,0.6,0.452270264027432
0.5,1,2,1,0.452225885185332
0.5,1,1024,0.5,0.452208095912331
0.0625,7,1,0.8,0.452193287803855
0.125,1,512,0.8,0.45215909206184
0.25,1,8,1,0.452157452790098
0.25,1,16,0.1,0.452053096474792
1,2,2,0.6,0.452037718462515
0.5,2,1,0.9,0.45201209236834
0.25,5,4,1,0.451994553414144
0.25,5,4,0.8,0.451992209789992
0.125,2,1024,0.5,0.451985376032621
0.25,5,4,0.9,0.451965468630357
0.125,6,4,0.7,0.451965429142966
0.0625,3,8,1,0.451923857542425
0.0625,2,16,0.7,0.451921969079359
4,1,8,0.9,0.451911763421039
8,1,1,0.7,0.451899564590518
0.25,1,512,1,0.451879755016024
0.25,1,16,0.8,0.451846445784668
0.125,1,0.5,0.6,0.451838286130402
4,1,8,1,0.451830119672822
0.0625,2,4,0.3,0.451817984261659
0.125,1,2,0.6,0.451817760220753
4,1,0.25,0.2,0.451782504939118
2,1,0.25,1,0.451767490814577
0.5,2,64,0.4,0.451677790210941
0.25,2,64,1,0.45163499504347
0.5,3,8,0.9,0.451570691829101
0.25,1,32,0.7,0.451554503476426
0.5,3,8,1,0.45154643550855
0.0625,3,1,0.8,0.451540781319802
1,2,1,0.6,0.451482385544044
0.0625,2,8,0.8,0.451481923085883
0.125,2,16,0.5,0.451400386112336
0.0625,2,8,0.4,0.451389537977725
0.125,1,256,0.7,0.451282665065596
0.0625,2,2,0.5,0.451099968097726
0.0625,3,8,0.6,0.45102610112575
0.0625,2,32,0.5,0.451010922591518
0.25,2,64,0.9,0.450977977181144
1,2,1,0.7,0.450948611001865
0.0625,2,128,0.4,0.45093971947559
0.0625,3,1,0.9,0.450913856557298
0.5,2,0.25,0.6,0.450889865138934
0.125,1,0.5,0.5,0.450850475005269
0.25,1,32,1,0.450825065067554
0.25,1,0.5,0.8,0.450809982025083
0.5,2,0.5,0.4,0.450710502754193
0.125,1,2,0.5,0.450699273475564
0.0625,1,4096,0.9,0.450633609273184
0.125,1,1,0.4,0.450577053144981
0.125,2,0.5,0.8,0.450563258268363
0.0625,2,8,0.6,0.450507203407403
0.5,3,8,0.8,0.450472893289385
0.25,3,4,0.7,0.45041498422956
4,1,8,0.8,0.450348779874153
0.25,1,0.125,0.5,0.450347244354066
0.25,1,512,0.9,0.45033100407244
0.0625,3,32,0.2,0.450330398343111
0.25,1,8,0.1,0.450273119624524
0.0625,2,2,0.1,0.450235560319241
0.5,1,1,1,0.450199289422286
0.25,1,64,0.8,0.450187240569888
0.0625,5,256,0.7,0.45017665092144
0.5,1,0.125,0.8,0.450140186380013
0.5,3,2,0.9,0.450068898047249
0.5,3,2,0.7,0.450028541573364
0.5,3,2,1,0.450007360087337
0.125,2,1,0.3,0.449967592676002
0.5,2,2,1,0.449963743470253
2,1,128,0.6,0.449946679384695
0.25,1,1,0.7,0.449910091709721
0.0625,3,16,0.3,0.449909796617415
0.5,2,512,0.3,0.449891140779016
0.5,1,1,0.9,0.44987029482493
0.0625,2,16,0.2,0.449858214822078
0.125,3,1,0.9,0.44985094770587
0.125,1,1,0.5,0.449768879435848
1,1,0.0625,0.7,0.449752597094501
4,1,8,0.4,0.449745144494179
0.125,1,2,0.3,0.449730534035499
0.0625,7,1,0.7,0.449721442312097
0.125,2,0.5,0.6,0.449701766028302
0.25,1,8,0.9,0.449676416994437
0.125,2,0.5,0.7,0.449671962394021
0.0625,2,256,0.4,0.44964746210894
0.25,1,1,0.1,0.449637638107498
0.5,1,0.125,0.3,0.449621371459631
4,1,8,0.3,0.449604226480131
1,2,1,0.5,0.449592247934055
0.125,2,512,0.4,0.449574659256394
0.5,2,1024,0.3,0.449564493971112
0.0625,2,4,0.6,0.449461284893907
0.125,3,4,0.8,0.44944177155628
0.25,1,1,0.2,0.449404300477181
0.125,2,2,0.9,0.44931225860504
0.125,1,1,0.7,0.449306680577466
0.25,1,8,0.6,0.449222702786275
0.0625,2,4,0.4,0.449210165478817
0.5,2,1,1,0.449198992585949
0.125,3,8,0.5,0.449192671809404
0.25,1,1,0.8,0.449180223910009
0.5,1,0.5,0.1,0.449103778490283
0.0625,1,256,0.4,0.449094609158588
0.25,2,1,0.3,0.449033404102017
0.125,1,512,0.2,0.448963428199834
0.125,1,1024,0.2,0.448947075283635
0.125,2,4096,0.5,0.448904570559402
0.0625,3,4,0.9,0.44883494673559
0.25,1,256,0.7,0.448788765201502
0.125,1,128,0.9,0.448751159118039
0.25,1,256,0.9,0.448736150138641
0.125,5,16,0.8,0.448727181646332
0.25,3,0.25,0.9,0.448718409677599
0.125,2,8,0.6,0.448707077310679
0.5,1,0.0625,0.7,0.44870663679551
0.25,1,128,0.9,0.448696164907325
0.125,3,4,0.4,0.44862911747016
0.125,7,1,0.6,0.448622539224463
0.0625,2,64,0.2,0.448534637924951
