batch_size;neurons;hidden_layers;dropout;epochs;optimization;activation;CORRELATION;FISHER
198;40;2;0.6;10;RMSprop;softsign;0.3659943982789441;0.3837900746906394
198;30;2;0.6;10;RMSprop;softsign;0.36583164912012534;0.38360216599616886
198;20;2;0.6;10;RMSprop;softsign;0.365156532648874;0.382822958290704
198;60;2;0.6;10;RMSprop;softsign;0.36482032414806553;0.38243507766398055
198;50;2;0.6;10;RMSprop;softsign;0.3647055139456907;0.3823026473441658
198;50;2;0.6;10;RMSprop;linear;0.3644347503213618;0.38199037980708883
198;50;2;0.6;10;RMSprop;tanh;0.3644238693280619;0.3819778324100217
198;40;2;0.6;10;RMSprop;tanh;0.36440798003035924;0.3819595099022256
198;60;2;0.6;10;RMSprop;tanh;0.3643510551639956;0.38189386984585727
198;40;2;0.6;10;RMSprop;linear;0.36421779791343567;0.3817402232023635
198;30;2;0.6;10;RMSprop;tanh;0.3640959467879265;0.38159974295959626
198;30;2;0.6;10;RMSprop;linear;0.36383377445857157;0.38129753731944593
198;60;2;0.6;10;RMSprop;linear;0.3635102459634469;0.38092469809887797
198;20;2;0.6;10;RMSprop;tanh;0.3630310615378199;0.380372664187687
198;20;2;0.6;10;RMSprop;linear;0.36285546928726475;0.3801704323827268
198;70;2;0.6;10;RMSprop;linear;0.3622974988637251;0.3795280076851985
198;70;2;0.6;10;RMSprop;tanh;0.3592261973324497;0.37599716578242054
198;10;2;0.6;10;RMSprop;linear;0.346780805039192;0.36177984410447495
198;90;2;0.6;10;RMSprop;linear;0.3408748965374267;0.3550821164684498
198;70;2;0.6;10;RMSprop;softsign;0.33663947863803045;0.3502976380331314
198;90;2;0.6;10;RMSprop;sigmoid;0.3233992821867361;0.33543880095931494
198;70;2;0.6;10;RMSprop;sigmoid;0.32333209299337806;0.33536376567366527
198;30;2;0.6;10;RMSprop;sigmoid;0.32327642506930326;0.33530159982411345
198;80;3;0.6;10;RMSprop;sigmoid;0.32326827428670246;0.3352924978383841
198;10;3;0.6;10;RMSprop;hard_sigmoid;0.3232663571152896;0.33529035693924925
198;80;2;0.6;10;RMSprop;sigmoid;0.3232546271734546;0.3352772582155549
198;40;3;0.6;10;RMSprop;sigmoid;0.3232482461169709;0.335270132592044
198;100;3;0.6;10;RMSprop;sigmoid;0.32324229356196227;0.3352634854988562
198;60;2;0.6;10;RMSprop;sigmoid;0.32321424120656156;0.33523216040710174
198;100;2;0.6;10;RMSprop;sigmoid;0.32318896446285594;0.335203935287872
198;40;2;0.6;10;RMSprop;sigmoid;0.32318720547693;0.33520197114630185
198;90;3;0.6;10;RMSprop;sigmoid;0.3231667232725383;0.33517910022641106
198;100;2;0.6;10;RMSprop;hard_sigmoid;0.32316326088170955;0.33517523407130756
198;40;2;0.6;10;RMSprop;hard_sigmoid;0.3231608288759956;0.3351725184647315
198;80;2;0.6;10;RMSprop;hard_sigmoid;0.3231581881514273;0.3351695698055915
198;70;3;0.6;10;RMSprop;sigmoid;0.32311776992902186;0.335124439120359
198;30;3;0.6;10;RMSprop;sigmoid;0.3230860484110973;0.3350890200322641
198;90;2;0.6;10;RMSprop;hard_sigmoid;0.32304308570927837;0.33504105074125845
198;70;2;0.6;10;RMSprop;hard_sigmoid;0.3230003673164934;0.33499335570342254
198;60;2;0.6;10;RMSprop;hard_sigmoid;0.32294129105156266;0.3349273995408203
198;100;3;0.6;10;RMSprop;hard_sigmoid;0.3229233769430487;0.334907399748072
198;90;3;0.6;10;RMSprop;hard_sigmoid;0.32289797736987835;0.3348790434239682
198;100;4;0.6;10;RMSprop;sigmoid;0.3228912659934255;0.33487155086645004
198;20;2;0.6;10;RMSprop;sigmoid;0.32288551665834997;0.3348651323574371
198;60;3;0.6;10;RMSprop;sigmoid;0.3228591536455574;0.3348357012537755
198;50;3;0.6;10;RMSprop;sigmoid;0.3228556071229448;0.3348317420344626
198;50;2;0.6;10;RMSprop;hard_sigmoid;0.3228539099162318;0.33482984733319304
198;30;2;0.6;10;RMSprop;hard_sigmoid;0.32285003938931367;0.33482552642313956
198;60;3;0.6;10;RMSprop;hard_sigmoid;0.3228223085184311;0.33479456907892463
198;50;2;0.6;10;RMSprop;sigmoid;0.3228024136663546;0.33477235985168174
198;40;3;0.6;10;RMSprop;hard_sigmoid;0.3227129402858749;0.334672481937262
198;60;4;0.6;10;RMSprop;sigmoid;0.32270685534399957;0.33466568963347143
198;70;3;0.6;10;RMSprop;hard_sigmoid;0.3226777997103015;0.3346332567529512
198;80;3;0.6;10;RMSprop;hard_sigmoid;0.3226702628617162;0.3346248439786706
198;90;4;0.6;10;RMSprop;sigmoid;0.32266482040793437;0.33461876903625376
198;70;4;0.6;10;RMSprop;sigmoid;0.3226427797878557;0.3345941672338561
198;80;4;0.6;10;RMSprop;sigmoid;0.32263443219550203;0.3345848497296596
198;30;3;0.6;10;RMSprop;hard_sigmoid;0.32260271923939676;0.33454945253650725
198;50;3;0.6;10;RMSprop;hard_sigmoid;0.32255367228849047;0.3344947091721612
198;60;4;0.6;10;RMSprop;hard_sigmoid;0.32254031143029765;0.3344797968915637
198;100;4;0.6;10;RMSprop;hard_sigmoid;0.32251575585267456;0.33445239036869107
198;40;4;0.6;10;RMSprop;hard_sigmoid;0.3224175217264784;0.3343427559350406
198;70;4;0.6;10;RMSprop;hard_sigmoid;0.3224156483578493;0.3343406652327802
198;80;4;0.6;10;RMSprop;hard_sigmoid;0.3223928388475589;0.33431520976691054
198;90;4;0.6;10;RMSprop;hard_sigmoid;0.32238442606377465;0.33430582118635443
198;20;4;0.6;10;RMSprop;hard_sigmoid;0.32237796199755314;0.33429860739325434
198;70;5;0.6;10;RMSprop;sigmoid;0.3223383954500673;0.3342544524989533
198;50;4;0.6;10;RMSprop;hard_sigmoid;0.32225935815062384;0.33416625337759265
198;50;4;0.6;10;RMSprop;sigmoid;0.3222521038038688;0.3341581583748743
198;100;5;0.6;10;RMSprop;hard_sigmoid;0.3222384609124421;0.33414293461772204
198;90;5;0.6;10;RMSprop;sigmoid;0.3222274511669106;0.33413064923031677
198;20;2;0.6;10;RMSprop;hard_sigmoid;0.3222200633313982;0.33412240545931426
198;40;4;0.6;10;RMSprop;sigmoid;0.32220798519977406;0.334108928080967
198;60;5;0.6;10;RMSprop;sigmoid;0.32217829523562663;0.33407579904382756
198;90;5;0.6;10;RMSprop;hard_sigmoid;0.3221719162177646;0.33406868121848043
198;80;5;0.6;10;RMSprop;sigmoid;0.3221556253005375;0.3340505036618235
198;70;5;0.6;10;RMSprop;hard_sigmoid;0.32214592641040296;0.3340396816512891
198;80;5;0.6;10;RMSprop;hard_sigmoid;0.32212537899796234;0.3340167551212113
198;100;5;0.6;10;RMSprop;sigmoid;0.32212137076380465;0.33401228282621165
198;30;4;0.6;10;RMSprop;sigmoid;0.3220322571594735;0.3339128552543328
198;50;5;0.6;10;RMSprop;sigmoid;0.3220188284300261;0.3338978728419787
198;30;5;0.6;10;RMSprop;hard_sigmoid;0.32201032012022723;0.3338883802089148
198;60;5;0.6;10;RMSprop;hard_sigmoid;0.3219885290684188;0.33386406842289196
198;50;5;0.6;10;RMSprop;hard_sigmoid;0.32193305330699773;0.3338021770823897
198;30;4;0.6;10;RMSprop;hard_sigmoid;0.32191425243506655;0.33378120251450716
198;20;4;0.6;10;RMSprop;sigmoid;0.32190265943331164;0.3337682693085905
198;20;3;0.6;10;RMSprop;hard_sigmoid;0.3217977047477667;0.33365118628001644
198;20;3;0.6;10;RMSprop;sigmoid;0.3217038507525279;0.3335464941860854
198;40;5;0.6;10;RMSprop;sigmoid;0.3216406903322999;0.33347604407832615
198;20;5;0.6;10;RMSprop;sigmoid;0.3216240767071723;0.33345751351475933
198;40;5;0.6;10;RMSprop;hard_sigmoid;0.321621092829582;0.333454185370287
198;30;5;0.6;10;RMSprop;sigmoid;0.3212582947703599;0.333049582309653
198;10;4;0.6;10;RMSprop;hard_sigmoid;0.31994415074151267;0.33158488929048324
198;10;4;0.6;10;RMSprop;sigmoid;0.3196195659580259;0.33122333143845173
198;10;2;0.6;10;RMSprop;softsign;0.3192393756161149;0.33079994029467497
198;80;2;0.6;10;RMSprop;linear;0.317727066879311;0.3291169196823164
198;10;5;0.6;10;RMSprop;sigmoid;0.3104276020779057;0.32101854220018905
198;80;2;0.6;10;RMSprop;tanh;0.29901075913953806;0.3084328803125845
198;20;2;0.7;10;RMSprop;softsign;0.5435797684526561;0.6092227886495669
198;30;2;0.7;10;RMSprop;softsign;0.5410373038240995;0.605621053880232
198;40;2;0.7;10;RMSprop;softsign;0.536384967957337;0.59906648847492
198;20;2;0.7;10;RMSprop;tanh;0.5345720122078322;0.5965247078028912
198;30;2;0.7;10;RMSprop;tanh;0.5343303197738128;0.5961863745001386
198;20;2;0.7;10;RMSprop;linear;0.5332508558553459;0.5946767769654786
198;30;2;0.7;10;RMSprop;linear;0.5330910079662903;0.5944534411156309
198;50;2;0.7;10;RMSprop;softsign;0.5326965656778975;0.5939025626672855
198;40;2;0.7;10;RMSprop;linear;0.5306692682282508;0.5910763220108849
198;40;2;0.7;10;RMSprop;tanh;0.5304525777757795;0.5907747368817124
198;50;2;0.7;10;RMSprop;linear;0.5279982515502896;0.5873655677655697
198;50;2;0.7;10;RMSprop;tanh;0.526510748679151;0.5853053208269311
198;60;2;0.7;10;RMSprop;tanh;0.5235069710338359;0.5811585403801081
198;60;2;0.7;10;RMSprop;linear;0.5225607714666666;0.5798560163154477
198;60;2;0.7;10;RMSprop;softsign;0.5211327728867915;0.5778936051354784
198;70;2;0.7;10;RMSprop;tanh;0.4925672686816669;0.5394443811952429
198;10;2;0.7;10;RMSprop;linear;0.48901482707872673;0.5347647082019658
198;70;2;0.7;10;RMSprop;linear;0.47945766144414487;0.5222798138987554
198;70;2;0.7;10;RMSprop;softsign;0.42797147034450983;0.4574106483967701
198;10;2;0.7;10;RMSprop;tanh;0.42670691009940687;0.4558635604407667
198;80;2;0.7;10;RMSprop;linear;0.3939022963688775;0.4164106499942113
198;80;2;0.7;10;RMSprop;softsign;0.3835959313419991;0.4042692161623475
198;80;2;0.7;10;RMSprop;tanh;0.376819549624943;0.3963476598988219
198;10;2;0.7;10;RMSprop;softsign;0.36129179291688923;0.3783708327449805
198;90;2;0.7;10;RMSprop;linear;0.3110596452645328;0.3217181396709522
198;20;4;0.4;10;RMSprop;sigmoid;0.5810542913128226;0.6640529192441876
198;30;5;0.4;10;RMSprop;sigmoid;0.5809487378431933;0.6638935781569177
198;20;3;0.4;10;RMSprop;hard_sigmoid;0.5808260915813813;0.6637084712287102
198;30;5;0.4;10;RMSprop;hard_sigmoid;0.5807363981386583;0.6635731243587577
198;20;5;0.4;10;RMSprop;sigmoid;0.5806920758125947;0.6635062500872968
198;40;5;0.4;10;RMSprop;hard_sigmoid;0.5806493337822054;0.6634417651116018
198;50;5;0.4;10;RMSprop;sigmoid;0.580620502506087;0.6633982700422838
198;50;5;0.4;10;RMSprop;hard_sigmoid;0.5805996007292937;0.6633667388459399
198;50;4;0.4;10;RMSprop;hard_sigmoid;0.5805927100691685;0.6633563442526615
198;60;5;0.4;10;RMSprop;hard_sigmoid;0.5805261701203379;0.6632559748808851
198;20;5;0.4;10;RMSprop;hard_sigmoid;0.580526136804144;0.6632559246294112
198;70;5;0.4;10;RMSprop;hard_sigmoid;0.5805189055020428;0.6632450175828348
198;40;4;0.4;10;RMSprop;hard_sigmoid;0.5805164318552968;0.6632412865879704
198;80;5;0.4;10;RMSprop;hard_sigmoid;0.5805083529167877;0.6632291012589087
198;30;4;0.4;10;RMSprop;hard_sigmoid;0.5804467952492826;0.6631362605096043
198;20;4;0.4;10;RMSprop;hard_sigmoid;0.5804387210557264;0.663124083822016
198;100;5;0.4;10;RMSprop;hard_sigmoid;0.5803804110638288;0.6630361516595729
198;30;4;0.4;10;RMSprop;sigmoid;0.5803766365425121;0.6630304599457496
198;40;5;0.4;10;RMSprop;sigmoid;0.5803522284676716;0.6629936551858926
198;70;4;0.4;10;RMSprop;hard_sigmoid;0.580350505474924;0.6629910571569779
198;90;5;0.4;10;RMSprop;hard_sigmoid;0.5803273697391554;0.662956172504632
198;50;3;0.4;10;RMSprop;hard_sigmoid;0.580325302370439;0.6629530553421098
198;60;5;0.4;10;RMSprop;sigmoid;0.5803246887237465;0.6629521300925552
198;70;5;0.4;10;RMSprop;sigmoid;0.5802971215057144;0.6629105655773391
198;40;3;0.4;10;RMSprop;hard_sigmoid;0.5802650487824988;0.6628622104030214
198;50;4;0.4;10;RMSprop;sigmoid;0.5802135239174205;0.6627845334431963
198;20;3;0.4;10;RMSprop;sigmoid;0.5802119372552959;0.6627821415618349
198;80;4;0.4;10;RMSprop;hard_sigmoid;0.5801981912873114;0.6627614198951469
198;60;4;0.4;10;RMSprop;hard_sigmoid;0.5801927000912702;0.6627531422082125
198;80;5;0.4;10;RMSprop;sigmoid;0.5801763528284425;0.6627285000467594
198;40;2;0.4;10;RMSprop;hard_sigmoid;0.5801688987540704;0.662717263873304
198;40;3;0.4;10;RMSprop;sigmoid;0.5801498124045795;0.662688494029421
198;20;2;0.4;10;RMSprop;hard_sigmoid;0.5801184941144787;0.6626412884281657
198;40;4;0.4;10;RMSprop;sigmoid;0.5801125238014077;0.662632289755883
198;30;3;0.4;10;RMSprop;hard_sigmoid;0.5800919997478333;0.6626013558749437
198;90;4;0.4;10;RMSprop;hard_sigmoid;0.5800833739635777;0.6625883554127368
198;100;5;0.4;10;RMSprop;sigmoid;0.5800824867767428;0.6625870182887548
198;30;3;0.4;10;RMSprop;sigmoid;0.5800769854566209;0.6625787270183108
198;90;5;0.4;10;RMSprop;sigmoid;0.5800678519867081;0.6625649617585975
198;70;2;0.4;10;RMSprop;hard_sigmoid;0.5800356079637871;0.6625163678179264
198;70;3;0.4;10;RMSprop;hard_sigmoid;0.5800001000429581;0.6624628581297359
198;100;4;0.4;10;RMSprop;hard_sigmoid;0.579979782032299;0.6624322408099496
198;40;2;0.4;10;RMSprop;sigmoid;0.5799457355783353;0.6623809384624517
198;60;3;0.4;10;RMSprop;hard_sigmoid;0.5799409993829251;0.6623738020450085
198;80;3;0.4;10;RMSprop;hard_sigmoid;0.5799375003256196;0.6623685297638356
198;50;2;0.4;10;RMSprop;hard_sigmoid;0.5799296136899244;0.6623566465211286
198;90;3;0.4;10;RMSprop;hard_sigmoid;0.5798985396861741;0.6623098271456442
198;80;2;0.4;10;RMSprop;hard_sigmoid;0.5798929819916825;0.6623014536042405
198;100;2;0.4;10;RMSprop;hard_sigmoid;0.5798916362304425;0.6622994260153703
198;60;2;0.4;10;RMSprop;hard_sigmoid;0.5798827632476165;0.6622860576703264
198;30;2;0.4;10;RMSprop;sigmoid;0.579857333016431;0.6622477447462927
198;60;4;0.4;10;RMSprop;sigmoid;0.5798480884600753;0.6622338174149237
198;100;3;0.4;10;RMSprop;hard_sigmoid;0.5798477636242058;0.6622333280394682
198;90;2;0.4;10;RMSprop;hard_sigmoid;0.5798414056734904;0.6622237496426386
198;50;2;0.4;10;RMSprop;sigmoid;0.5798376758673165;0.6622181306546321
198;30;2;0.4;10;RMSprop;hard_sigmoid;0.5798132515690926;0.6621813361250163
198;60;2;0.4;10;RMSprop;sigmoid;0.5797877511845956;0.6621429221763462
198;50;3;0.4;10;RMSprop;sigmoid;0.5797712663122188;0.6621180901656378
198;80;4;0.4;10;RMSprop;sigmoid;0.5797644072881734;0.6621077582757519
198;80;2;0.4;10;RMSprop;sigmoid;0.5797568413032728;0.662096361619667
198;70;4;0.4;10;RMSprop;sigmoid;0.579736747858608;0.6620660955604246
198;60;3;0.4;10;RMSprop;sigmoid;0.5797282141627939;0.6620532418715284
198;70;3;0.4;10;RMSprop;sigmoid;0.5797159842050943;0.6620348211046305
198;90;4;0.4;10;RMSprop;sigmoid;0.5796984179605291;0.662008363508791
198;100;2;0.4;10;RMSprop;sigmoid;0.5796845081545522;0.6619874136746035
198;100;4;0.4;10;RMSprop;sigmoid;0.5796433110383921;0.6619253688673333
198;70;2;0.4;10;RMSprop;sigmoid;0.5796427755106549;0.6619245623665915
198;90;2;0.4;10;RMSprop;sigmoid;0.5796316769806233;0.6619078482336331
198;80;3;0.4;10;RMSprop;sigmoid;0.579564924599751;0.661807327502091
198;100;3;0.4;10;RMSprop;sigmoid;0.5795495378450748;0.6617841586361821
198;90;3;0.4;10;RMSprop;sigmoid;0.5795103791995472;0.6617251976503311
198;20;2;0.4;10;RMSprop;sigmoid;0.5792599281114768;0.6613481898950384
198;10;4;0.4;10;RMSprop;hard_sigmoid;0.5789504693657973;0.6608825843414755
198;10;5;0.4;10;RMSprop;softplus;0.5789166008440031;0.6608316416672697
198;20;5;0.4;10;RMSprop;softplus;0.5786033152838118;0.6603605616916289
198;30;5;0.4;10;RMSprop;softplus;0.5780447050170646;0.6595212294075556
198;20;3;0.4;10;RMSprop;softplus;0.5777751111589503;0.6591164460533477
198;30;3;0.4;10;RMSprop;softplus;0.5772957024947727;0.6583971022876806
198;20;4;0.4;10;RMSprop;softplus;0.5770999571016506;0.6581035616878881
198;30;2;0.4;10;RMSprop;softplus;0.5770669253031682;0.6580540368732252
198;30;4;0.4;10;RMSprop;softplus;0.5768672485265283;0.6577547202916454
198;40;4;0.4;10;RMSprop;softplus;0.5767367276738213;0.6575591246706594
198;40;5;0.4;10;RMSprop;softplus;0.5766490248853267;0.6574277200246692
198;10;4;0.4;10;RMSprop;softplus;0.5765359267261982;0.6572582950157597
198;50;2;0.4;10;RMSprop;softplus;0.5764762937661213;0.6571689760756128
198;20;2;0.4;10;RMSprop;softplus;0.5764247638440683;0.6570918013675042
198;50;5;0.4;10;RMSprop;softplus;0.5763170425197155;0.6569304927778405
198;40;2;0.4;10;RMSprop;softplus;0.5762919323703596;0.656892895593671
198;40;3;0.4;10;RMSprop;softplus;0.5761440879814514;0.6566715626455903
198;10;5;0.4;10;RMSprop;sigmoid;0.5754718267991615;0.6556658537271485
198;60;2;0.4;10;RMSprop;softplus;0.575254760896802;0.65534136967187
198;70;2;0.4;10;RMSprop;softplus;0.5750784536513859;0.6550779034018896
198;50;3;0.4;10;RMSprop;softplus;0.5750083520091018;0.6549731685816996
198;50;4;0.4;10;RMSprop;softplus;0.5747967032949713;0.6546570329566903
198;80;2;0.4;10;RMSprop;softplus;0.5746794792146231;0.6544819870258107
198;90;2;0.4;10;RMSprop;softplus;0.5742480651246014;0.6538380770649846
198;100;2;0.4;10;RMSprop;softplus;0.5739255666521905;0.6533570406953388
198;60;3;0.4;10;RMSprop;softplus;0.5739217869431388;0.6533514044835923
198;60;5;0.4;10;RMSprop;softplus;0.5731183062800468;0.6521540999412181
198;60;4;0.4;10;RMSprop;softplus;0.5730321933483635;0.6520258764654985
198;70;3;0.4;10;RMSprop;softplus;0.5725135898886694;0.651254066048768
198;80;3;0.4;10;RMSprop;softplus;0.5709265422390309;0.6488963720401612
198;70;4;0.4;10;RMSprop;softplus;0.5707355332519116;0.6486130397790173
198;70;5;0.4;10;RMSprop;softplus;0.5698895421802648;0.6473592431088127
198;90;3;0.4;10;RMSprop;softplus;0.5690169843736514;0.646067947606932
198;90;5;0.4;10;RMSprop;softplus;0.5678048702453714;0.6442772863299009
198;100;5;0.4;10;RMSprop;softplus;0.5674187404575541;0.6437076194428266
198;100;3;0.4;10;RMSprop;softplus;0.5671485886085486;0.6433092765637041
198;80;4;0.4;10;RMSprop;softplus;0.566990347688792;0.6430760315660475
198;80;5;0.4;10;RMSprop;softplus;0.5663474224612582;0.6421290022164443
198;90;4;0.4;10;RMSprop;softplus;0.5638664109284239;0.6384839545387777
198;100;4;0.4;10;RMSprop;softplus;0.5620814785899634;0.6358708115675595
198;10;2;0.4;10;RMSprop;softsign;0.48867591599246574;0.5343193762103279
198;10;3;0.4;10;RMSprop;sigmoid;0.4884020754032463;0.5339596889258514
198;10;4;0.4;10;RMSprop;sigmoid;0.4853193007426726;0.5299191692588698
198;20;2;0.4;10;RMSprop;softsign;0.48348585541280015;0.5275236157204195
198;10;2;0.4;10;RMSprop;softplus;0.48221831268477044;0.5258707020735838
198;30;2;0.4;10;RMSprop;softsign;0.4798697409848927;0.5228150358623603
198;10;3;0.4;10;RMSprop;softplus;0.47980949399857187;0.5227367680119138
198;40;2;0.4;10;RMSprop;softsign;0.4755050935954148;0.5171599650190265
198;10;2;0.4;10;RMSprop;linear;0.47436786276369314;0.5156915000444274
198;20;2;0.4;10;RMSprop;tanh;0.4735469897110729;0.5146328065768069
198;30;2;0.4;10;RMSprop;tanh;0.47332439226767553;0.5143459019364373
198;30;2;0.4;10;RMSprop;linear;0.4730548580599976;0.5139986050199056
198;40;2;0.4;10;RMSprop;tanh;0.4723909591912265;0.5131436524394566
198;50;2;0.4;10;RMSprop;softsign;0.47179366450601706;0.5123750608024722
198;40;2;0.4;10;RMSprop;linear;0.4713535403546156;0.5118090708434271
198;20;2;0.4;10;RMSprop;linear;0.470637518279598;0.5108889269087075
198;50;2;0.4;10;RMSprop;tanh;0.4690030865086739;0.5087915343378715
198;50;2;0.4;10;RMSprop;linear;0.46781037956218496;0.5072635881828306
198;60;2;0.4;10;RMSprop;linear;0.46579287006335074;0.5046839678779766
198;60;2;0.4;10;RMSprop;tanh;0.46560619384909396;0.5044455940973195
198;60;2;0.4;10;RMSprop;softsign;0.4651012667662924;0.5038010989152428
198;70;2;0.4;10;RMSprop;softsign;0.4616756737778946;0.49943878148312315
198;70;2;0.4;10;RMSprop;tanh;0.4607696047902271;0.4982878867206515
198;10;2;0.4;10;RMSprop;tanh;0.46046661620592866;0.4979033009310296
198;70;2;0.4;10;RMSprop;linear;0.4603257116935788;0.49772449612361724
198;80;2;0.4;10;RMSprop;tanh;0.4580056642201746;0.4947846233457104
198;80;2;0.4;10;RMSprop;linear;0.4579677485574264;0.4947366439085227
198;80;2;0.4;10;RMSprop;softsign;0.456954889077069;0.4934557252572869
198;90;2;0.4;10;RMSprop;tanh;0.4546447073491198;0.49053973350850166
198;100;2;0.4;10;RMSprop;tanh;0.4409996148799093;0.4734710833205037
198;90;2;0.4;10;RMSprop;linear;0.4400735810904521;0.4723220544761535
198;90;2;0.4;10;RMSprop;softsign;0.436817037976946;0.4682905017306568
198;100;2;0.4;10;RMSprop;softsign;0.43335578966996474;0.4640210341704063
198;100;2;0.4;10;RMSprop;linear;0.4327862159312307;0.46331997672547304
198;10;4;0.8;10;RMSprop;hard_sigmoid;0.6998568206521345;0.8670198390284618
198;10;4;0.8;10;RMSprop;sigmoid;0.6995073683689945;0.8663352357123657
198;40;5;0.8;10;RMSprop;hard_sigmoid;0.6992506598051461;0.8658327417660463
198;20;4;0.8;10;RMSprop;hard_sigmoid;0.699219517213057;0.865771805740882
198;30;4;0.8;10;RMSprop;sigmoid;0.6991725486159064;0.8656799131398021
198;30;4;0.8;10;RMSprop;hard_sigmoid;0.6991551064237489;0.8656457910392662
198;80;5;0.8;10;RMSprop;sigmoid;0.6991014847327582;0.8655409013043049
198;60;5;0.8;10;RMSprop;hard_sigmoid;0.6990933420729469;0.8655249747403009
198;20;3;0.8;10;RMSprop;sigmoid;0.6990906246774201;0.8655196597532935
198;100;5;0.8;10;RMSprop;hard_sigmoid;0.6990451202060306;0.8654306628714016
198;30;3;0.8;10;RMSprop;hard_sigmoid;0.6990262278568449;0.8653937167846392
198;90;5;0.8;10;RMSprop;hard_sigmoid;0.6990246165085174;0.8653905657023735
198;80;5;0.8;10;RMSprop;hard_sigmoid;0.6990179754860038;0.8653775789559021
198;70;5;0.8;10;RMSprop;hard_sigmoid;0.6990136329486701;0.8653690871032443
198;80;4;0.8;10;RMSprop;hard_sigmoid;0.6990130584368103;0.8653679636500883
198;20;5;0.8;10;RMSprop;sigmoid;0.6990109652146633;0.8653638703865429
198;50;5;0.8;10;RMSprop;hard_sigmoid;0.6990004404513428;0.8653432897295555
198;60;4;0.8;10;RMSprop;hard_sigmoid;0.6989943626813888;0.8653314052190609
198;50;5;0.8;10;RMSprop;sigmoid;0.6989883781359889;0.8653197031933908
198;70;4;0.8;10;RMSprop;hard_sigmoid;0.6989846849377169;0.8653124817042979
198;80;4;0.8;10;RMSprop;sigmoid;0.6989791748214134;0.8653017076430805
198;90;4;0.8;10;RMSprop;sigmoid;0.6989782728596797;0.8652999440313458
198;90;4;0.8;10;RMSprop;hard_sigmoid;0.6989726605793307;0.8652889704002137
198;100;5;0.8;10;RMSprop;sigmoid;0.6989714371492562;0.8652865782629551
198;60;5;0.8;10;RMSprop;sigmoid;0.6989702538057873;0.8652842645134813
198;50;3;0.8;10;RMSprop;hard_sigmoid;0.698967783134278;0.8652794337213174
198;90;5;0.8;10;RMSprop;sigmoid;0.6989650317265326;0.8652740540566928
198;100;4;0.8;10;RMSprop;hard_sigmoid;0.6989625297200479;0.8652691620667058
198;40;4;0.8;10;RMSprop;hard_sigmoid;0.6989571906062216;0.8652587230004386
198;50;4;0.8;10;RMSprop;hard_sigmoid;0.6989522132130549;0.8652489913097028
198;50;3;0.8;10;RMSprop;sigmoid;0.6989506990564445;0.8652460308899317
198;70;5;0.8;10;RMSprop;sigmoid;0.6989488251352646;0.8652423670895116
198;30;2;0.8;10;RMSprop;hard_sigmoid;0.6989395516179724;0.8652242362314235
198;60;4;0.8;10;RMSprop;sigmoid;0.6989378028911541;0.8652208173085677
198;50;4;0.8;10;RMSprop;sigmoid;0.698934854085054;0.8652150521565994
198;30;5;0.8;10;RMSprop;sigmoid;0.6989313790427639;0.8652082582303937
198;100;4;0.8;10;RMSprop;sigmoid;0.6989252671559144;0.865196309263788
198;30;5;0.8;10;RMSprop;hard_sigmoid;0.698922192540333;0.8651902983511762
198;60;3;0.8;10;RMSprop;hard_sigmoid;0.6989178603598817;0.8651818289689462
198;40;4;0.8;10;RMSprop;sigmoid;0.6989143043950424;0.8651748771576916
198;30;2;0.8;10;RMSprop;sigmoid;0.6989123562255339;0.8651710685697349
198;20;4;0.8;10;RMSprop;sigmoid;0.6989110463441409;0.865168507819108
198;80;3;0.8;10;RMSprop;hard_sigmoid;0.6989063282432202;0.8651592842508931
198;70;4;0.8;10;RMSprop;sigmoid;0.698903717051889;0.8651541795995541
198;90;3;0.8;10;RMSprop;hard_sigmoid;0.6988936835151566;0.8651345652490978
198;40;3;0.8;10;RMSprop;hard_sigmoid;0.6988806760901836;0.8651091381073502
198;70;3;0.8;10;RMSprop;hard_sigmoid;0.6988668318466339;0.8650820761307685
198;70;2;0.8;10;RMSprop;hard_sigmoid;0.6988594212168825;0.8650675906541835
198;100;3;0.8;10;RMSprop;hard_sigmoid;0.6988570114988788;0.8650628804680551
198;30;3;0.8;10;RMSprop;sigmoid;0.6988543908240518;0.8650577579676731
198;50;2;0.8;10;RMSprop;hard_sigmoid;0.6988372743569298;0.865024302178109
198;40;2;0.8;10;RMSprop;hard_sigmoid;0.6988357821484952;0.8650213855866147
198;80;2;0.8;10;RMSprop;sigmoid;0.6988350820572157;0.8650200172294138
198;80;3;0.8;10;RMSprop;sigmoid;0.6988240881484671;0.8649985295257956
198;20;5;0.8;10;RMSprop;hard_sigmoid;0.6988237651482642;0.8649978982284559
198;80;2;0.8;10;RMSprop;hard_sigmoid;0.6988210876072064;0.8649926650502581
198;20;2;0.8;10;RMSprop;hard_sigmoid;0.698817665023369;0.8649859757627721
198;90;2;0.8;10;RMSprop;hard_sigmoid;0.6988168266015075;0.8649843371141683
198;20;3;0.8;10;RMSprop;hard_sigmoid;0.6987963742705874;0.8649443653403679
198;60;2;0.8;10;RMSprop;sigmoid;0.6987946502881233;0.8649409961131477
198;40;3;0.8;10;RMSprop;sigmoid;0.6987922354487144;0.8649362767515243
198;100;2;0.8;10;RMSprop;hard_sigmoid;0.6987909435404235;0.8649337519660154
198;100;3;0.8;10;RMSprop;sigmoid;0.6987895113900898;0.8649309531149028
198;90;3;0.8;10;RMSprop;sigmoid;0.6987824222801842;0.8649170990300415
198;60;2;0.8;10;RMSprop;hard_sigmoid;0.6987755639187138;0.8649036961468368
198;60;3;0.8;10;RMSprop;sigmoid;0.6987691229910328;0.8648911092579656
198;70;3;0.8;10;RMSprop;sigmoid;0.6987632592515587;0.8648796505053328
198;40;5;0.8;10;RMSprop;sigmoid;0.6987626347687572;0.8648784301696446
198;70;2;0.8;10;RMSprop;sigmoid;0.6987483099093552;0.864850437756908
198;90;2;0.8;10;RMSprop;sigmoid;0.6987209321339157;0.8647969415003216
198;100;2;0.8;10;RMSprop;sigmoid;0.6987035479670161;0.8647629748611004
198;40;2;0.8;10;RMSprop;sigmoid;0.6986801845506648;0.8647173280034529
198;50;2;0.8;10;RMSprop;sigmoid;0.6986785729054106;0.8647141793186732
198;20;2;0.8;10;RMSprop;sigmoid;0.698304468925708;0.8639836637724112
198;10;5;0.8;10;RMSprop;sigmoid;0.6929758588298054;0.8536583711994128
198;10;2;0.8;10;RMSprop;softsign;0.6652191499321933;0.8021179382397332
198;20;2;0.8;10;RMSprop;softsign;0.6651845434154673;0.8020558644943071
198;30;2;0.8;10;RMSprop;softsign;0.6646993661857273;0.801186140750778
198;30;2;0.8;10;RMSprop;tanh;0.6592962147848038;0.7915676948683751
198;20;2;0.8;10;RMSprop;tanh;0.6585405947310508;0.7902322673752962
198;40;2;0.8;10;RMSprop;tanh;0.6584100549411867;0.7900017987494525
198;40;2;0.8;10;RMSprop;linear;0.6583707886452735;0.7899324875977036
198;30;2;0.8;10;RMSprop;linear;0.6579437144263023;0.7891790430118938
198;10;2;0.8;10;RMSprop;sigmoid;0.6296676590505357;0.7408652807979131
198;50;2;0.8;10;RMSprop;softsign;0.6155132053020008;0.7177492575452714
198;40;2;0.8;10;RMSprop;softsign;0.6131533439632061;0.7139588821419125
198;10;2;0.8;10;RMSprop;hard_sigmoid;0.5974125686430183;0.6891140803038672
198;50;2;0.8;10;RMSprop;linear;0.5956851350511557;0.6864322658239342
198;10;3;0.8;10;RMSprop;sigmoid;0.5917190869413413;0.6803072240107363
198;10;5;0.8;10;RMSprop;hard_sigmoid;0.587313672840631;0.6735552732233855
198;50;2;0.8;10;RMSprop;tanh;0.5557061632884713;0.6265993539465762
198;20;2;0.8;10;RMSprop;linear;0.5533548924915538;0.6232039906509197
198;10;2;0.8;10;RMSprop;tanh;0.5421843341208902;0.6072442311788607
198;10;2;0.8;10;RMSprop;linear;0.4878783475645231;0.5332721285761456
198;10;3;0.8;10;RMSprop;hard_sigmoid;0.47521316343550973;0.5167828106830946
198;60;2;0.8;10;RMSprop;tanh;0.4458773603031083;0.4795427762555929
198;60;2;0.8;10;RMSprop;linear;0.4303273704027962;0.46029838280468693
198;20;4;0.3;10;RMSprop;hard_sigmoid;0.5147671358541167;0.5691940462261293
198;30;4;0.3;10;RMSprop;hard_sigmoid;0.5147136996863455;0.5691213481410733
198;40;3;0.3;10;RMSprop;hard_sigmoid;0.5146754441303487;0.5690693061024718
198;40;4;0.3;10;RMSprop;hard_sigmoid;0.5146381123543471;0.5690185234419392
198;40;5;0.3;10;RMSprop;sigmoid;0.5146254771034122;0.5690013362281794
198;60;5;0.3;10;RMSprop;sigmoid;0.5145780800751569;0.5689368667032652
198;60;4;0.3;10;RMSprop;hard_sigmoid;0.5145639725211367;0.5689176784084269
198;100;5;0.3;10;RMSprop;sigmoid;0.5145625645557586;0.5689157633945705
198;80;5;0.3;10;RMSprop;hard_sigmoid;0.5145625071323443;0.5689156852914277
198;60;5;0.3;10;RMSprop;hard_sigmoid;0.5145462662734823;0.5688935959108308
198;70;5;0.3;10;RMSprop;hard_sigmoid;0.5145443680760541;0.5688910141832559
198;30;5;0.3;10;RMSprop;hard_sigmoid;0.5145441434836499;0.5688907087168523
198;40;3;0.3;10;RMSprop;sigmoid;0.5145282111144536;0.5688690394689202
198;40;4;0.3;10;RMSprop;sigmoid;0.5145017687667944;0.5688330769080627
198;100;5;0.3;10;RMSprop;hard_sigmoid;0.514496873479867;0.5688264192846201
198;30;2;0.3;10;RMSprop;hard_sigmoid;0.5144888311026012;0.5688154816959747
198;50;5;0.3;10;RMSprop;hard_sigmoid;0.5144718786294445;0.5687924268293507
198;70;5;0.3;10;RMSprop;sigmoid;0.5144673819873309;0.5687863116196439
198;60;3;0.3;10;RMSprop;hard_sigmoid;0.5144666741329271;0.5687853489763536
198;90;4;0.3;10;RMSprop;hard_sigmoid;0.5144612691413107;0.5687779985146874
198;90;5;0.3;10;RMSprop;hard_sigmoid;0.5144610253877581;0.5687776670259098
198;80;4;0.3;10;RMSprop;hard_sigmoid;0.514453557152939;0.5687675107732245
198;90;5;0.3;10;RMSprop;sigmoid;0.5144529269976232;0.5687666538129773
198;70;4;0.3;10;RMSprop;hard_sigmoid;0.5144456604341057;0.5687567719290826
198;80;5;0.3;10;RMSprop;sigmoid;0.5144390398230998;0.5687477685709629
198;50;4;0.3;10;RMSprop;sigmoid;0.514428865089227;0.5687339321295213
198;50;3;0.3;10;RMSprop;hard_sigmoid;0.5144260256872158;0.5687300709118747
198;10;3;0.3;10;RMSprop;sigmoid;0.5144256429350709;0.568729550419884
198;50;4;0.3;10;RMSprop;hard_sigmoid;0.5144185506998906;0.5687199059741165
198;30;3;0.3;10;RMSprop;hard_sigmoid;0.5144175708659282;0.5687185735447893
198;100;4;0.3;10;RMSprop;hard_sigmoid;0.5144100983959309;0.5687084121504254
198;70;4;0.3;10;RMSprop;sigmoid;0.5143991578575373;0.5686935349152782
198;90;2;0.3;10;RMSprop;hard_sigmoid;0.5143989627097817;0.5686932695502358
198;50;5;0.3;10;RMSprop;sigmoid;0.5143888413931804;0.5686795065211976
198;20;3;0.3;10;RMSprop;sigmoid;0.5143858948631707;0.5686754998480537
198;90;3;0.3;10;RMSprop;hard_sigmoid;0.5143857815915601;0.5686753458223532
198;80;3;0.3;10;RMSprop;sigmoid;0.5143806178477053;0.5686683242365852
198;40;2;0.3;10;RMSprop;sigmoid;0.5143796503575682;0.5686670086628396
198;50;2;0.3;10;RMSprop;hard_sigmoid;0.5143766361773211;0.568662910052216
198;70;3;0.3;10;RMSprop;hard_sigmoid;0.514374556284134;0.5686600818729961
198;100;3;0.3;10;RMSprop;hard_sigmoid;0.514374463694701;0.5686599559727267
198;80;4;0.3;10;RMSprop;sigmoid;0.514374067230649;0.5686594168732612
198;30;3;0.3;10;RMSprop;sigmoid;0.5143739413488982;0.5686592457032409
198;20;3;0.3;10;RMSprop;hard_sigmoid;0.5143701355716369;0.5686540707420146
198;100;4;0.3;10;RMSprop;sigmoid;0.5143691980379425;0.5686527959211073
198;100;2;0.3;10;RMSprop;hard_sigmoid;0.5143339569646292;0.5686048777283255
198;100;3;0.3;10;RMSprop;sigmoid;0.5143330520594082;0.5686036473365517
198;80;3;0.3;10;RMSprop;hard_sigmoid;0.5143317831815843;0.5686019220570122
198;70;3;0.3;10;RMSprop;sigmoid;0.5143303403799083;0.5685999602988008
198;90;4;0.3;10;RMSprop;sigmoid;0.5143278146696013;0.5685965261336855
198;90;3;0.3;10;RMSprop;sigmoid;0.5143230055578972;0.5685899873002767
198;50;3;0.3;10;RMSprop;sigmoid;0.514322825814806;0.5685897429087753
198;60;3;0.3;10;RMSprop;sigmoid;0.5143124649943595;0.5685756557036272
198;60;4;0.3;10;RMSprop;sigmoid;0.5143071916156478;0.5685684857737985
198;70;2;0.3;10;RMSprop;hard_sigmoid;0.5142870382870391;0.5685410848624085
198;60;2;0.3;10;RMSprop;hard_sigmoid;0.5142841604570716;0.5685371721641357
198;80;2;0.3;10;RMSprop;hard_sigmoid;0.5142778292907104;0.5685285643643501
198;20;2;0.3;10;RMSprop;sigmoid;0.5142748642152541;0.5685245330992524
198;100;2;0.3;10;RMSprop;sigmoid;0.5142271280315462;0.5684596341134854
198;30;4;0.3;10;RMSprop;sigmoid;0.5142263998421895;0.5684586441485198
198;70;2;0.3;10;RMSprop;sigmoid;0.5142158435993114;0.5684442931722468
198;90;2;0.3;10;RMSprop;sigmoid;0.5142142931268441;0.5684421853574181
198;40;2;0.3;10;RMSprop;hard_sigmoid;0.5141939368841737;0.5684145121584422
198;80;2;0.3;10;RMSprop;sigmoid;0.5141865207284365;0.568404430495902
198;50;2;0.3;10;RMSprop;sigmoid;0.5141792256211214;0.5683945134908563
198;60;2;0.3;10;RMSprop;sigmoid;0.5141573180745506;0.5683647328713277
198;30;2;0.3;10;RMSprop;sigmoid;0.5141001562558796;0.5682870326916708
198;20;2;0.3;10;RMSprop;hard_sigmoid;0.5139712053532371;0.5681117722527672
198;20;4;0.3;10;RMSprop;sigmoid;0.5131637820794389;0.5670150997350237
198;30;2;0.3;10;RMSprop;softsign;0.47798034515672955;0.5203632815096706
198;20;2;0.3;10;RMSprop;softsign;0.4773520641869177;0.5195492719988783
198;40;2;0.3;10;RMSprop;softsign;0.47618825828518047;0.5180430975298996
198;50;2;0.3;10;RMSprop;softsign;0.4745985464291782;0.5159892079849733
198;60;2;0.3;10;RMSprop;softsign;0.4736024572798445;0.5147043105597167
198;10;2;0.3;10;RMSprop;softsign;0.4735734058890841;0.5146668594203477
198;40;2;0.3;10;RMSprop;tanh;0.4712890178586504;0.5117261217177083
198;20;2;0.3;10;RMSprop;tanh;0.47107362382838164;0.5114492614223518
198;30;2;0.3;10;RMSprop;tanh;0.4710587507469782;0.511430146725665
198;40;2;0.3;10;RMSprop;linear;0.4705386959525299;0.5107619951391026
198;30;2;0.3;10;RMSprop;linear;0.47050067389331107;0.5107131619628564
198;50;2;0.3;10;RMSprop;tanh;0.469688788334205;0.5096709613522006
198;50;2;0.3;10;RMSprop;linear;0.4694664956747899;0.5093857867997911
198;20;2;0.3;10;RMSprop;linear;0.4686912282201205;0.5083918094553108
198;60;2;0.3;10;RMSprop;tanh;0.46849606770450186;0.5081417383153686
198;60;2;0.3;10;RMSprop;linear;0.46785822079099615;0.5073248342794482
198;70;2;0.3;10;RMSprop;linear;0.46705894911867085;0.5063020707281564
198;80;2;0.3;10;RMSprop;linear;0.4639990068417912;0.5023955010790404
198;70;2;0.3;10;RMSprop;tanh;0.46137325211010516;0.4990545076204908
198;10;2;0.3;10;RMSprop;tanh;0.46113098837776095;0.49874677206225354
198;10;2;0.3;10;RMSprop;linear;0.4552494808508577;0.4913023512904381
198;10;4;0.3;10;RMSprop;sigmoid;0.42652702966777367;0.4556436571630956
198;30;5;0.3;10;RMSprop;sigmoid;0.4264422580682377;0.455540038442229
198;10;3;0.3;10;RMSprop;hard_sigmoid;0.42615170777137507;0.45518496005945197
198;40;5;0.3;10;RMSprop;hard_sigmoid;0.4261364548049154;0.4551663225427295
198;80;2;0.3;10;RMSprop;tanh;0.4216523114139199;0.44969992427890204
198;10;2;0.3;10;RMSprop;hard_sigmoid;0.41469873127793333;0.4412725863560488
198;80;2;0.3;10;RMSprop;softsign;0.4126242147501619;0.43876980224913326
198;70;2;0.3;10;RMSprop;softsign;0.4008618605599872;0.42467537629364277
198;20;4;0.9;10;RMSprop;sigmoid;0.5784469093162034;0.6601254738739593
198;50;5;0.9;10;RMSprop;sigmoid;0.5783703838387374;0.6600104746519141
198;80;5;0.9;10;RMSprop;hard_sigmoid;0.5782761820107571;0.6598689331672936
198;30;4;0.9;10;RMSprop;hard_sigmoid;0.5782655912598511;0.6598530216488954
198;90;5;0.9;10;RMSprop;hard_sigmoid;0.5782579237802898;0.6598415022289812
198;30;4;0.9;10;RMSprop;sigmoid;0.5782549714079818;0.6598370667032896
198;60;5;0.9;10;RMSprop;sigmoid;0.5782485661824763;0.6598274438277276
198;40;4;0.9;10;RMSprop;sigmoid;0.5782387874764745;0.6598127530181739
198;40;4;0.9;10;RMSprop;hard_sigmoid;0.5782317796632356;0.6598022251478807
198;70;5;0.9;10;RMSprop;sigmoid;0.5782169238640843;0.6597799076358568
198;30;3;0.9;10;RMSprop;hard_sigmoid;0.5782110774786635;0.6597711249087019
198;50;4;0.9;10;RMSprop;sigmoid;0.5781949890672404;0.6597469565678199
198;100;5;0.9;10;RMSprop;hard_sigmoid;0.5781813161220487;0.6597264173206832
198;90;4;0.9;10;RMSprop;hard_sigmoid;0.5781795017168299;0.6597236917911506
198;90;5;0.9;10;RMSprop;sigmoid;0.5781789733489134;0.6597228980988624
198;100;5;0.9;10;RMSprop;sigmoid;0.5781780664783152;0.6597215358373003
198;100;4;0.9;10;RMSprop;sigmoid;0.5781777791452981;0.6597211042185893
198;70;4;0.9;10;RMSprop;hard_sigmoid;0.5781756669188027;0.6597179313337378
198;70;5;0.9;10;RMSprop;hard_sigmoid;0.5781711034587064;0.6597110763636416
198;80;4;0.9;10;RMSprop;sigmoid;0.5781702587832768;0.6597098075462329
198;100;4;0.9;10;RMSprop;hard_sigmoid;0.5781682468859931;0.6597067854103026
198;80;4;0.9;10;RMSprop;hard_sigmoid;0.5781678520754117;0.6597061923538083
198;70;4;0.9;10;RMSprop;sigmoid;0.5781484652061688;0.6596770712721376
198;80;5;0.9;10;RMSprop;sigmoid;0.5781463346829876;0.6596738710658838
198;60;4;0.9;10;RMSprop;hard_sigmoid;0.5781434537178954;0.6596695436582019
198;80;3;0.9;10;RMSprop;hard_sigmoid;0.5781369053076071;0.6596597075761818
198;20;2;0.9;10;RMSprop;hard_sigmoid;0.5781282219552399;0.6596466648631245
198;50;4;0.9;10;RMSprop;hard_sigmoid;0.5781237860084263;0.6596400019845656
198;60;5;0.9;10;RMSprop;hard_sigmoid;0.5781232712088868;0.6596392287489493
198;60;3;0.9;10;RMSprop;hard_sigmoid;0.5781172548699476;0.6596301921807178
198;70;3;0.9;10;RMSprop;hard_sigmoid;0.5781139261484318;0.6596251924665533
198;20;3;0.9;10;RMSprop;sigmoid;0.5781125621154255;0.6596231437077968
198;40;3;0.9;10;RMSprop;hard_sigmoid;0.5781057429478251;0.6596129014849196
198;100;3;0.9;10;RMSprop;hard_sigmoid;0.5781051541910197;0.6596120171922923
198;50;5;0.9;10;RMSprop;hard_sigmoid;0.5781035140239894;0.6596095537221597
198;40;2;0.9;10;RMSprop;hard_sigmoid;0.5781015707905854;0.6596066350666397
198;50;2;0.9;10;RMSprop;hard_sigmoid;0.578100136246688;0.6596044804478602
198;60;3;0.9;10;RMSprop;sigmoid;0.5780952519312118;0.6595971444715056
198;60;4;0.9;10;RMSprop;sigmoid;0.5780931767641435;0.6595940277022002
198;50;3;0.9;10;RMSprop;hard_sigmoid;0.5780927308616315;0.6595933579863773
198;70;2;0.9;10;RMSprop;hard_sigmoid;0.5780873767224395;0.6595853164670311
198;90;3;0.9;10;RMSprop;hard_sigmoid;0.5780814465224776;0.659576409834463
198;90;4;0.9;10;RMSprop;sigmoid;0.5780797654438032;0.6595738850205912
198;30;2;0.9;10;RMSprop;hard_sigmoid;0.5780708914966237;0.6595605573518989
198;30;3;0.9;10;RMSprop;sigmoid;0.5780689131360354;0.6595575861052242
198;100;2;0.9;10;RMSprop;hard_sigmoid;0.5780629529605424;0.6595486347392974
198;40;3;0.9;10;RMSprop;sigmoid;0.5780484650816433;0.6595268763190132
198;100;3;0.9;10;RMSprop;sigmoid;0.5780428815121872;0.6595184908586668
198;70;3;0.9;10;RMSprop;sigmoid;0.5780423190634423;0.659517646172034
198;60;2;0.9;10;RMSprop;sigmoid;0.5780403433157617;0.6595146789968138
198;90;3;0.9;10;RMSprop;sigmoid;0.5780390481325685;0.6595127338979523
198;50;3;0.9;10;RMSprop;sigmoid;0.5780359288601669;0.6595080494100911
198;80;3;0.9;10;RMSprop;sigmoid;0.5780352863992857;0.6595070845727884
198;60;2;0.9;10;RMSprop;hard_sigmoid;0.5780324451260728;0.659502817607789
198;40;2;0.9;10;RMSprop;sigmoid;0.5780317608634334;0.6595017899995381
198;90;2;0.9;10;RMSprop;hard_sigmoid;0.5780267852411337;0.6594943177730657
198;90;2;0.9;10;RMSprop;sigmoid;0.5780257384855614;0.6594927457980769
198;80;2;0.9;10;RMSprop;hard_sigmoid;0.5780224255509006;0.6594877705862368
198;80;2;0.9;10;RMSprop;sigmoid;0.5780063938640575;0.6594636953456869
198;50;2;0.9;10;RMSprop;sigmoid;0.5780051009273852;0.659461753735075
198;70;2;0.9;10;RMSprop;sigmoid;0.5779910969045366;0.6594407240907447
198;100;2;0.9;10;RMSprop;sigmoid;0.577977214401729;0.6594198774359336
198;30;2;0.9;10;RMSprop;sigmoid;0.5779727965153311;0.6594132434239546
198;40;5;0.9;10;RMSprop;hard_sigmoid;0.5778711460682638;0.6592606165441891
198;20;3;0.9;10;RMSprop;hard_sigmoid;0.5778408686634958;0.659215160601803
198;30;5;0.9;10;RMSprop;sigmoid;0.5765208631648594;0.6572357317702985
198;20;2;0.9;10;RMSprop;softsign;0.5209974390225508;0.5777078323035753
198;30;2;0.9;10;RMSprop;softsign;0.5206847123157672;0.5772786897623582
198;40;2;0.9;10;RMSprop;softsign;0.5165054975995174;0.5715620039528081
198;50;2;0.9;10;RMSprop;softsign;0.5142598455005721;0.5685041141723418
198;30;2;0.9;10;RMSprop;tanh;0.5111941733521425;0.564345066219875
198;60;2;0.9;10;RMSprop;softsign;0.5108444503438472;0.56387173789134
198;30;2;0.9;10;RMSprop;linear;0.5102375029857488;0.5630508152787407
198;40;2;0.9;10;RMSprop;tanh;0.5097553761391103;0.5623992076147212
198;40;2;0.9;10;RMSprop;linear;0.5094097009638552;0.5619322844535739
198;50;2;0.9;10;RMSprop;tanh;0.5079535606144667;0.5599678258561422
198;70;2;0.9;10;RMSprop;softsign;0.5077872219424309;0.5597436701881782
198;50;2;0.9;10;RMSprop;linear;0.5071331744659467;0.5588627792575316
198;20;2;0.9;10;RMSprop;tanh;0.5061925698833236;0.5575973225110331
198;20;2;0.9;10;RMSprop;linear;0.5052473636269457;0.55632730586258
198;60;2;0.9;10;RMSprop;tanh;0.5051623167585545;0.5562131134420889
198;60;2;0.9;10;RMSprop;linear;0.5041481360293598;0.5548523867963219
198;70;2;0.9;10;RMSprop;tanh;0.5035573809372139;0.5540606303355688
198;70;2;0.9;10;RMSprop;linear;0.5029346837741727;0.5532267465667169
198;80;2;0.9;10;RMSprop;tanh;0.5028301289895643;0.5530868007957854
198;20;5;0.9;10;RMSprop;hard_sigmoid;0.4997491781982287;0.5489717711646167
198;10;2;0.9;10;RMSprop;tanh;0.4960972797088278;0.5441159744086983
198;80;2;0.9;10;RMSprop;linear;0.4887359657513717;0.5343982679622568
198;10;3;0.9;10;RMSprop;hard_sigmoid;0.48765250360242823;0.5329757784345697
198;10;2;0.9;10;RMSprop;linear;0.48571562258940487;0.5304377299937133
198;10;2;0.9;10;RMSprop;sigmoid;0.4842843809737727;0.5285662745573172
198;20;2;0.9;10;RMSprop;sigmoid;0.48365470490639234;0.5277439998990842
198;20;4;0.9;10;RMSprop;hard_sigmoid;0.4835761938487223;0.5276415205776318
198;10;4;0.9;10;RMSprop;hard_sigmoid;0.48308924393047614;0.5270061387554568
198;10;3;0.9;10;RMSprop;sigmoid;0.4699643585315573;0.5100245906215809
198;90;2;0.9;10;RMSprop;linear;0.46830909244146757;0.5079022103900034
198;90;2;0.9;10;RMSprop;tanh;0.4613777192211632;0.49906018278971975
198;80;2;0.9;10;RMSprop;softsign;0.4578945779618824;0.49464405794925137
198;10;2;0.9;10;RMSprop;hard_sigmoid;0.38387279991908363;0.4045938942632222
198;30;5;0.9;10;RMSprop;hard_sigmoid;0.38096095472928604;0.40118326557297646
198;10;4;0.6;10;RMSprop;hard_sigmoid;0.7004738557422745;0.8682302615580142
198;10;3;0.6;10;RMSprop;hard_sigmoid;0.7003647628800429;0.8680161074080621
198;20;5;0.6;10;RMSprop;hard_sigmoid;0.699944462309527;0.8671916385617455
198;20;4;0.6;10;RMSprop;hard_sigmoid;0.6996213219714702;0.8665584073395886
198;40;5;0.6;10;RMSprop;hard_sigmoid;0.6994504369854062;0.8662237649436675
198;30;5;0.6;10;RMSprop;hard_sigmoid;0.6994155898823345;0.8661555434297817
198;30;4;0.6;10;RMSprop;hard_sigmoid;0.6993662174924958;0.8660588963484948
198;30;5;0.6;10;RMSprop;sigmoid;0.6993569932207169;0.866040841167564
198;10;4;0.6;10;RMSprop;sigmoid;0.6992705519376459;0.8658716669822807
198;70;5;0.6;10;RMSprop;hard_sigmoid;0.6992695327834604;0.8658696726349406
198;50;5;0.6;10;RMSprop;sigmoid;0.6992615598440928;0.8658540708594703
198;30;3;0.6;10;RMSprop;hard_sigmoid;0.6992492419643161;0.865829967395241
198;50;5;0.6;10;RMSprop;hard_sigmoid;0.6992135475607576;0.865760125646562
198;40;5;0.6;10;RMSprop;sigmoid;0.6992091946779578;0.865751609009221
198;60;5;0.6;10;RMSprop;hard_sigmoid;0.6992077498778849;0.8657487822065655
198;20;3;0.6;10;RMSprop;hard_sigmoid;0.6992035646016745;0.8657405936280871
198;20;4;0.6;10;RMSprop;sigmoid;0.6991866040246395;0.865707410872227
198;40;4;0.6;10;RMSprop;hard_sigmoid;0.6991830113441464;0.8657003821203337
198;80;5;0.6;10;RMSprop;hard_sigmoid;0.6991318884103288;0.865600372245327
198;90;5;0.6;10;RMSprop;hard_sigmoid;0.6991177981219475;0.8655728104018232
198;50;4;0.6;10;RMSprop;hard_sigmoid;0.6991128740256362;0.865563178686752
198;60;5;0.6;10;RMSprop;sigmoid;0.699055454820601;0.8654508741653535
198;80;5;0.6;10;RMSprop;sigmoid;0.6990375668980854;0.8654158913099754
198;40;4;0.6;10;RMSprop;sigmoid;0.6990303581815732;0.8654017939303031
198;40;3;0.6;10;RMSprop;hard_sigmoid;0.6990265001661974;0.865394249302262
198;20;5;0.6;10;RMSprop;sigmoid;0.6989954955776598;0.86533362047675
198;50;3;0.6;10;RMSprop;hard_sigmoid;0.6989533905563368;0.8652512932136966
198;70;5;0.6;10;RMSprop;sigmoid;0.6989430638401612;0.8652311030003883
198;100;5;0.6;10;RMSprop;hard_sigmoid;0.6989362780538174;0.8652178361237153
198;60;4;0.6;10;RMSprop;hard_sigmoid;0.6989144597124406;0.8651751807974261
198;20;2;0.6;10;RMSprop;hard_sigmoid;0.6989083777667033;0.8651632909160846
198;70;4;0.6;10;RMSprop;hard_sigmoid;0.6988825180739111;0.8651127387944187
198;90;5;0.6;10;RMSprop;sigmoid;0.6988550442685223;0.8650590352190592
198;80;4;0.6;10;RMSprop;hard_sigmoid;0.6988507751907823;0.8650506907326102
198;50;2;0.6;10;RMSprop;hard_sigmoid;0.6988397327194141;0.8650291071890155
198;60;3;0.6;10;RMSprop;hard_sigmoid;0.6988323348192608;0.865014647665119
198;100;4;0.6;10;RMSprop;hard_sigmoid;0.6988214544042812;0.8649933819424943
198;50;4;0.6;10;RMSprop;sigmoid;0.698819784283695;0.8649901177552012
198;30;2;0.6;10;RMSprop;sigmoid;0.6988192137963221;0.8649890027626972
198;60;4;0.6;10;RMSprop;sigmoid;0.6987829078378976;0.8649180479357848
198;100;5;0.6;10;RMSprop;sigmoid;0.6987712589013921;0.8648952832387365
198;90;4;0.6;10;RMSprop;hard_sigmoid;0.6987697965530166;0.8648924255253558
198;30;4;0.6;10;RMSprop;sigmoid;0.6987563744415475;0.8648661966399522
198;40;2;0.6;10;RMSprop;hard_sigmoid;0.6987544512703389;0.8648624385441851
198;40;3;0.6;10;RMSprop;sigmoid;0.6987485266432769;0.8648508612716072
198;70;2;0.6;10;RMSprop;hard_sigmoid;0.6987165340204828;0.8647883479461079
198;60;3;0.6;10;RMSprop;sigmoid;0.6987016756752773;0.8647593167170802
198;80;3;0.6;10;RMSprop;hard_sigmoid;0.6986574541913396;0.8646729207909111
198;70;3;0.6;10;RMSprop;hard_sigmoid;0.6986492244282024;0.8646568433769033
198;80;4;0.6;10;RMSprop;sigmoid;0.6986481873371143;0.8646548173730414
198;30;2;0.6;10;RMSprop;hard_sigmoid;0.6986185444759541;0.8645969111415722
198;50;3;0.6;10;RMSprop;sigmoid;0.6986145692505151;0.8645891460421646
198;50;2;0.6;10;RMSprop;sigmoid;0.6985946757943398;0.8645502879608447
198;70;4;0.6;10;RMSprop;sigmoid;0.6985915992744582;0.8645442787530119
198;90;3;0.6;10;RMSprop;hard_sigmoid;0.6985832099337097;0.8645278925421762
198;100;3;0.6;10;RMSprop;hard_sigmoid;0.6985705884920813;0.864503240822723
198;100;2;0.6;10;RMSprop;hard_sigmoid;0.6985626919430984;0.8644878180155358
198;80;2;0.6;10;RMSprop;hard_sigmoid;0.6985615630173635;0.8644856131296323
198;60;2;0.6;10;RMSprop;hard_sigmoid;0.6985511313303362;0.8644652394981449
198;90;2;0.6;10;RMSprop;hard_sigmoid;0.6985314809646598;0.8644268628791133
198;90;4;0.6;10;RMSprop;sigmoid;0.6985311646366239;0.8644262451160623
198;70;2;0.6;10;RMSprop;sigmoid;0.6984951759863897;0.8643559656755665
198;20;2;0.6;10;RMSprop;sigmoid;0.6984945540727466;0.8643547512493533
198;70;3;0.6;10;RMSprop;sigmoid;0.6984891038796452;0.8643441086100967
198;40;2;0.6;10;RMSprop;sigmoid;0.6984868176791503;0.8643396443737034
198;100;2;0.6;10;RMSprop;sigmoid;0.6984421168789748;0.8642523632485875
198;30;3;0.6;10;RMSprop;sigmoid;0.6984340861244569;0.8642366838226497
198;80;3;0.6;10;RMSprop;sigmoid;0.6984164507282513;0.8642022532830633
198;20;3;0.6;10;RMSprop;sigmoid;0.6984088405194492;0.8641873959715094
198;100;4;0.6;10;RMSprop;sigmoid;0.6984040421721032;0.8641780283789545
198;80;2;0.6;10;RMSprop;sigmoid;0.6983914004510287;0.8641533491159056
198;90;2;0.6;10;RMSprop;sigmoid;0.6983759726751512;0.8641232320482768
198;90;3;0.6;10;RMSprop;sigmoid;0.6983469919241738;0.864066661198082
198;60;2;0.6;10;RMSprop;sigmoid;0.6983452092205752;0.8640631814804882
198;100;3;0.6;10;RMSprop;sigmoid;0.6982765828213691;0.8639292402165815
198;60;5;0.6;10;RMSprop;softplus;0.6982602665224397;0.8638973986403421
198;60;4;0.6;10;RMSprop;softplus;0.6981380462088662;0.8636589283236452
198;10;5;0.6;10;RMSprop;sigmoid;0.6980041202078492;0.8633977095826422
198;50;5;0.6;10;RMSprop;softplus;0.69797660403245;0.8633440518835103
198;70;5;0.6;10;RMSprop;softplus;0.6977918403464272;0.8629838589816684
198;70;4;0.6;10;RMSprop;softplus;0.6977344599606601;0.8628720339711397
198;50;4;0.6;10;RMSprop;softplus;0.6977328776142273;0.8628689504833282
198;40;5;0.6;10;RMSprop;softplus;0.6977222450998517;0.8628482314528314
198;40;4;0.6;10;RMSprop;softplus;0.6976031260951365;0.8626161513507491
198;60;3;0.6;10;RMSprop;softplus;0.6974730196248538;0.8623627501537227
198;80;5;0.6;10;RMSprop;softplus;0.6973938337232068;0.862208567977504
198;80;4;0.6;10;RMSprop;softplus;0.6973558018217766;0.8621345281802872
198;70;3;0.6;10;RMSprop;softplus;0.6971107442889499;0.8616576379846064
198;50;3;0.6;10;RMSprop;softplus;0.6970813034464686;0.8616003664469073
198;80;3;0.6;10;RMSprop;softplus;0.6968909872102278;0.8612302528247444
198;90;3;0.6;10;RMSprop;softplus;0.6968717341618159;0.8611928214841935
198;90;5;0.6;10;RMSprop;softplus;0.6968327055212638;0.8611169488763929
198;40;3;0.6;10;RMSprop;softplus;0.6966200753836934;0.8607037316671183
198;100;3;0.6;10;RMSprop;softplus;0.6966097196181016;0.8606836127461763
198;90;4;0.6;10;RMSprop;softplus;0.6964398402584664;0.8603536558706759
198;100;2;0.6;10;RMSprop;softplus;0.6963806414415401;0.8602387095629442
198;90;2;0.6;10;RMSprop;softplus;0.6962439538882481;0.8599733736962211
198;70;2;0.6;10;RMSprop;softplus;0.6961429585926814;0.8597773860755533
198;80;2;0.6;10;RMSprop;softplus;0.6960627344887582;0.859621744341115
198;100;4;0.6;10;RMSprop;softplus;0.6960172137376055;0.8595334451218122
198;100;5;0.6;10;RMSprop;softplus;0.6960023530442526;0.8595046213299675
198;60;2;0.6;10;RMSprop;softplus;0.6959943051777038;0.859489012175602
198;50;2;0.6;10;RMSprop;softplus;0.6955607909858188;0.858648695002777
198;30;4;0.6;10;RMSprop;softplus;0.6954716926307862;0.858476109781825
198;40;2;0.6;10;RMSprop;softplus;0.6931219111463491;0.8539394122390321
198;30;2;0.6;10;RMSprop;softplus;0.6918684231297645;0.8515309418266993
198;30;3;0.6;10;RMSprop;softplus;0.6915862696187998;0.8509899133630361
198;10;3;0.6;10;RMSprop;sigmoid;0.6535401082283495;0.7814533646120853
198;20;2;0.6;10;RMSprop;softsign;0.612003247276398;0.7121179835924067
198;30;2;0.6;10;RMSprop;softsign;0.609732063074247;0.7084947513424721
198;40;2;0.6;10;RMSprop;softsign;0.6046443852863262;0.7004358969588139
198;50;2;0.6;10;RMSprop;softsign;0.6014279184672694;0.6953812976305636
198;10;5;0.6;10;RMSprop;hard_sigmoid;0.6011281670817207;0.6949118098266899
198;30;2;0.6;10;RMSprop;tanh;0.5986510760775179;0.691042145878796
198;10;2;0.6;10;RMSprop;sigmoid;0.5979000588545597;0.689872457721267
198;60;2;0.6;10;RMSprop;softsign;0.5976637018957296;0.6895046767288163
198;30;2;0.6;10;RMSprop;linear;0.5973954910779841;0.689087525582502
198;40;2;0.6;10;RMSprop;linear;0.5973824376655406;0.6890672287762568
198;20;2;0.6;10;RMSprop;tanh;0.5972629701528138;0.6888814910964556
198;40;2;0.6;10;RMSprop;tanh;0.5971203028515236;0.6886597383827509
198;50;2;0.6;10;RMSprop;tanh;0.5955126210796315;0.6861649108891291
198;50;2;0.6;10;RMSprop;linear;0.5938037647797139;0.683521181144459
198;20;2;0.6;10;RMSprop;linear;0.5933959566335382;0.6828914969460451
198;70;2;0.6;10;RMSprop;softsign;0.5930582056211432;0.6823703418748898
198;60;2;0.6;10;RMSprop;linear;0.5900671412439368;0.6777690671816845
198;60;2;0.6;10;RMSprop;tanh;0.589192841978317;0.676428808635378
198;70;2;0.6;10;RMSprop;tanh;0.5867655342404345;0.672718911268013
198;70;2;0.6;10;RMSprop;linear;0.5859553031779633;0.671484144177257
198;80;2;0.6;10;RMSprop;tanh;0.5848925656486843;0.669867268703201
198;80;2;0.6;10;RMSprop;linear;0.5831188580078259;0.6671754955545585
198;80;2;0.6;10;RMSprop;softsign;0.5802585606732609;0.6628524287868044
198;10;2;0.6;10;RMSprop;linear;0.5710431562868759;0.6490693959997417
198;90;2;0.6;10;RMSprop;linear;0.5599739395895964;0.6327952206744565
198;90;2;0.6;10;RMSprop;tanh;0.5503906494869175;0.6189415571589321
198;100;2;0.6;10;RMSprop;linear;0.5488885457520567;0.6167892247667207
198;90;2;0.6;10;RMSprop;softsign;0.53105562953919;0.5916142910518156
198;10;2;0.6;10;RMSprop;softsign;0.5148808299709967;0.5693487413045321
198;100;2;0.6;10;RMSprop;tanh;0.4800859264145952;0.5230959343223708
198;10;2;0.6;10;RMSprop;tanh;0.47779649754517206;0.5201250204744126
198;30;5;0.6;10;RMSprop;softplus;0.4704306503125847;0.5106232338870816
198;10;3;0.1;10;RMSprop;hard_sigmoid;0.29034335858482146;0.29894119098185035
198;20;5;0.1;10;RMSprop;sigmoid;0.2895025250971618;0.29802319497968643
198;10;2;0.1;10;RMSprop;hard_sigmoid;0.2894286223493266;0.2979425335881216
198;20;5;0.1;10;RMSprop;hard_sigmoid;0.28906552255423296;0.29754628183210935
198;20;4;0.1;10;RMSprop;sigmoid;0.2890300725189744;0.2975075999812268
198;20;3;0.1;10;RMSprop;sigmoid;0.28894858054912476;0.2974186820448979
198;20;4;0.1;10;RMSprop;hard_sigmoid;0.28890351842480705;0.2973695155903947
198;30;5;0.1;10;RMSprop;hard_sigmoid;0.2888671725437042;0.29732986028606057
198;40;5;0.1;10;RMSprop;sigmoid;0.28882408964554956;0.29728285571171587
198;30;5;0.1;10;RMSprop;sigmoid;0.2886722998897519;0.29711725926569016
198;20;2;0.1;10;RMSprop;hard_sigmoid;0.28866519834731635;0.29710951215964465
198;10;2;0.1;10;RMSprop;sigmoid;0.28866409681227384;0.29710831049298986
198;40;5;0.1;10;RMSprop;hard_sigmoid;0.28861606246757493;0.2970559105465297
198;20;3;0.1;10;RMSprop;hard_sigmoid;0.28860246219840896;0.29704107450471623
198;30;2;0.1;10;RMSprop;hard_sigmoid;0.2885401320542432;0.2969730824297011
198;40;4;0.1;10;RMSprop;hard_sigmoid;0.2885079658357218;0.29693799534747917
198;70;5;0.1;10;RMSprop;hard_sigmoid;0.28849899748716223;0.2969282127518194
198;30;4;0.1;10;RMSprop;hard_sigmoid;0.2884373514774048;0.2968609713211752
198;50;5;0.1;10;RMSprop;hard_sigmoid;0.28842796515611435;0.29685073326085365
198;60;5;0.1;10;RMSprop;hard_sigmoid;0.2883827131825686;0.2968013758547575
198;40;3;0.1;10;RMSprop;hard_sigmoid;0.2883773112187773;0.2967954838979795
198;90;5;0.1;10;RMSprop;hard_sigmoid;0.2883736250446487;0.2967914633755552
198;50;4;0.1;10;RMSprop;hard_sigmoid;0.2883729632720193;0.2967907415789267
198;80;5;0.1;10;RMSprop;hard_sigmoid;0.288344464935327;0.2967596586755673
198;50;5;0.1;10;RMSprop;sigmoid;0.2883308694009626;0.29674483033344534
198;60;5;0.1;10;RMSprop;sigmoid;0.28831615858432824;0.2967287857209765
198;30;4;0.1;10;RMSprop;sigmoid;0.288296558231132;0.29670740847958255
198;100;5;0.1;10;RMSprop;hard_sigmoid;0.28826406609134664;0.29667197131516543
198;80;5;0.1;10;RMSprop;sigmoid;0.28825807023050926;0.2966654320802417
198;60;4;0.1;10;RMSprop;hard_sigmoid;0.28824353828162663;0.2966495832777154
198;70;5;0.1;10;RMSprop;sigmoid;0.2882403579489156;0.2966461147694753
198;50;4;0.1;10;RMSprop;sigmoid;0.2882387636966842;0.2966443760618606
198;70;4;0.1;10;RMSprop;hard_sigmoid;0.2882335259831668;0.29663866377076986
198;80;4;0.1;10;RMSprop;hard_sigmoid;0.28820031776243815;0.296602447064695
198;20;2;0.1;10;RMSprop;sigmoid;0.2881756312476305;0.2965755245749583
198;40;2;0.1;10;RMSprop;hard_sigmoid;0.28815726981545536;0.2965555003315477
198;100;5;0.1;10;RMSprop;sigmoid;0.2881519599551722;0.2965497096534115
198;90;5;0.1;10;RMSprop;sigmoid;0.28815178517507734;0.2965495190469783
198;30;3;0.1;10;RMSprop;hard_sigmoid;0.28813921621842126;0.2965358120261311
198;50;3;0.1;10;RMSprop;hard_sigmoid;0.2881173377032838;0.2965119527651555
198;40;4;0.1;10;RMSprop;sigmoid;0.28810535016483513;0.29649888008800673
198;90;4;0.1;10;RMSprop;hard_sigmoid;0.2881015389711863;0.2964947239172441
198;40;3;0.1;10;RMSprop;sigmoid;0.28809362157670854;0.2964860898972434
198;100;4;0.1;10;RMSprop;hard_sigmoid;0.2880875998213642;0.2964795231247347
198;60;4;0.1;10;RMSprop;sigmoid;0.2880657187073497;0.29645566180353916
198;30;2;0.1;10;RMSprop;sigmoid;0.28805310622228786;0.2964419080570007
198;60;3;0.1;10;RMSprop;hard_sigmoid;0.2880337142807207;0.29642076161626
198;70;4;0.1;10;RMSprop;sigmoid;0.2880130385703754;0.29639821554062495
198;80;3;0.1;10;RMSprop;hard_sigmoid;0.28801210274189687;0.2963971950621943
198;40;2;0.1;10;RMSprop;sigmoid;0.28799697041302114;0.2963806940284571
198;60;2;0.1;10;RMSprop;hard_sigmoid;0.2879774404923745;0.2963593978767438
198;30;3;0.1;10;RMSprop;sigmoid;0.2879678079301577;0.29634889426889527
198;90;4;0.1;10;RMSprop;sigmoid;0.28796385412159703;0.29634458294688976
198;70;3;0.1;10;RMSprop;hard_sigmoid;0.2879569298297855;0.2963370325687586
198;50;2;0.1;10;RMSprop;hard_sigmoid;0.2879512484974631;0.29633083756157175
198;50;3;0.1;10;RMSprop;sigmoid;0.2879323688979725;0.2963102511311452
198;90;3;0.1;10;RMSprop;hard_sigmoid;0.28791507558682433;0.2962913946133548
198;80;4;0.1;10;RMSprop;sigmoid;0.28790423472432747;0.29627957390942805
198;70;2;0.1;10;RMSprop;hard_sigmoid;0.28790257177388145;0.2962777606618463
198;60;2;0.1;10;RMSprop;sigmoid;0.28789771446491075;0.2962724643610825
198;100;3;0.1;10;RMSprop;hard_sigmoid;0.2878918647123979;0.2962660859435772
198;80;2;0.1;10;RMSprop;hard_sigmoid;0.2878692986765506;0.2962414807463673
198;50;2;0.1;10;RMSprop;sigmoid;0.28786825242261;0.2962403399570007
198;100;2;0.1;10;RMSprop;hard_sigmoid;0.28783839630214514;0.29620778646966556
198;90;2;0.1;10;RMSprop;hard_sigmoid;0.2878300287395142;0.29619866304464765
198;100;4;0.1;10;RMSprop;sigmoid;0.28781858537007604;0.2961861860452475
198;70;3;0.1;10;RMSprop;sigmoid;0.28781705435795024;0.29618451675022905
198;60;3;0.1;10;RMSprop;sigmoid;0.2877942174094198;0.2961596173309028
198;80;3;0.1;10;RMSprop;sigmoid;0.2877788199751514;0.2961428295112759
198;80;2;0.1;10;RMSprop;sigmoid;0.28777823881705566;0.2961421958778925
198;70;2;0.1;10;RMSprop;sigmoid;0.28776143279890143;0.29612387247135274
198;100;2;0.1;10;RMSprop;sigmoid;0.28774841124322653;0.296109675353191
198;90;3;0.1;10;RMSprop;sigmoid;0.28774030072060536;0.29610083268588616
198;100;3;0.1;10;RMSprop;sigmoid;0.28771225777752246;0.29607025862609737
198;90;2;0.1;10;RMSprop;sigmoid;0.2876421109478503;0.2959937827973251
198;70;5;0.1;10;RMSprop;softplus;0.2875965199071241;0.2959440801080479
198;80;5;0.1;10;RMSprop;softplus;0.2875560309905313;0.2958999408715476
198;90;5;0.1;10;RMSprop;softplus;0.2873648632002908;0.29569155328283014
198;90;4;0.1;10;RMSprop;softplus;0.2873521875796869;0.2956777367642831
198;10;4;0.1;10;RMSprop;sigmoid;0.28732713086320694;0.2956504250840565
198;80;4;0.1;10;RMSprop;softplus;0.2872269864759143;0.2955412725439758
198;100;5;0.1;10;RMSprop;softplus;0.28714326967963233;0.2954500305358286
198;70;4;0.1;10;RMSprop;softplus;0.28690153708947225;0.295186595691444
198;100;4;0.1;10;RMSprop;softplus;0.28685672464779677;0.29513776445694606
198;100;3;0.1;10;RMSprop;softplus;0.28680054209531064;0.29507654536939976
198;90;3;0.1;10;RMSprop;softplus;0.2867721999007331;0.29504566322927195
198;60;5;0.1;10;RMSprop;softplus;0.286549742760462;0.29480328911278203
198;80;3;0.1;10;RMSprop;softplus;0.2863705584262756;0.2946080865709343
198;70;3;0.1;10;RMSprop;softplus;0.28589025280346114;0.29408495155186626
198;60;4;0.1;10;RMSprop;softplus;0.2857944679392572;0.2939806441631806
198;90;2;0.1;10;RMSprop;softplus;0.28446135813656115;0.29252956428369953
198;100;2;0.1;10;RMSprop;softplus;0.2844372573635423;0.29250334181369164
198;60;3;0.1;10;RMSprop;softplus;0.2801342518307215;0.2878277509541689
198;80;2;0.1;10;RMSprop;softplus;0.2799446496116384;0.2876220144465263
198;10;5;0.1;10;RMSprop;hard_sigmoid;0.278968471885892;0.28656314301754404
198;10;3;0.1;10;RMSprop;sigmoid;0.24158638826425755;0.24645814378247763
198;10;5;0.1;10;RMSprop;sigmoid;0.23574676660044291;0.24026577202970537
198;20;2;0.1;10;RMSprop;softsign;0.23257067575006574;0.2369054290635837
198;30;2;0.1;10;RMSprop;softsign;0.23132179161840383;0.23558553570556545
198;10;4;0.1;10;RMSprop;hard_sigmoid;0.23082380278406553;0.23505945708035667
198;40;2;0.1;10;RMSprop;softsign;0.22877090652642737;0.2328921091295737
198;50;5;0.1;10;RMSprop;softplus;0.22858299349877;0.2326938273213675
198;50;2;0.1;10;RMSprop;softsign;0.22687632150319467;0.23089380415756108
198;30;2;0.1;10;RMSprop;tanh;0.22602573638339543;0.2299972432681902
198;30;2;0.1;10;RMSprop;linear;0.22513097669288681;0.2290545120630576
198;60;2;0.1;10;RMSprop;softsign;0.22508977211398143;0.2290111079969555
198;40;2;0.1;10;RMSprop;tanh;0.22488429141860913;0.22879467146421248
198;20;2;0.1;10;RMSprop;linear;0.22462689549019754;0.22852358139849943
198;20;2;0.1;10;RMSprop;tanh;0.2239864166869534;0.22784917061665197
198;40;2;0.1;10;RMSprop;linear;0.2237673210415623;0.22761851427782717
198;50;2;0.1;10;RMSprop;tanh;0.22314624445173903;0.2269647955696211
198;50;2;0.1;10;RMSprop;linear;0.2226802600208205;0.2264744454758731
198;60;2;0.1;10;RMSprop;tanh;0.221635243148987;0.2253751750157366
198;60;2;0.1;10;RMSprop;linear;0.22133684012100313;0.22506137835504575
198;70;2;0.1;10;RMSprop;tanh;0.21988931818708835;0.22353980071865495
198;70;2;0.1;10;RMSprop;linear;0.21986208473603142;0.22351118377203708
198;80;2;0.1;10;RMSprop;linear;0.21975073636523235;0.223394182501297
198;70;2;0.1;10;RMSprop;softsign;0.21893667885619114;0.2225389797076729
198;10;2;0.1;10;RMSprop;tanh;0.21752115346458667;0.22105267022369288
198;20;5;0.7;10;RMSprop;sigmoid;0.7376514814223393;0.945307956907356
198;20;5;0.7;10;RMSprop;hard_sigmoid;0.7376142180206195;0.9452262205982758
198;20;3;0.7;10;RMSprop;hard_sigmoid;0.7376044943704502;0.9452048936441761
198;20;4;0.7;10;RMSprop;sigmoid;0.737588855712324;0.9451705946665273
198;40;5;0.7;10;RMSprop;hard_sigmoid;0.7375765158679011;0.9451435319294845
198;80;5;0.7;10;RMSprop;hard_sigmoid;0.7375737813985229;0.9451375350612304
198;70;5;0.7;10;RMSprop;hard_sigmoid;0.7375734955663736;0.9451369082158976
198;50;5;0.7;10;RMSprop;hard_sigmoid;0.7375650046289116;0.9451182873960441
198;50;4;0.7;10;RMSprop;hard_sigmoid;0.7375643048445096;0.9451167527756759
198;90;5;0.7;10;RMSprop;hard_sigmoid;0.7375622949003923;0.945112345007149
198;40;5;0.7;10;RMSprop;sigmoid;0.7375581710982272;0.9451033016785777
198;100;5;0.7;10;RMSprop;hard_sigmoid;0.7375580439521183;0.9451030228543067
198;40;4;0.7;10;RMSprop;hard_sigmoid;0.7375569629350565;0.9451006522492748
198;60;5;0.7;10;RMSprop;hard_sigmoid;0.7375558547478359;0.9450982220703334
198;60;5;0.7;10;RMSprop;sigmoid;0.7375543643514421;0.9450949537464973
198;40;3;0.7;10;RMSprop;hard_sigmoid;0.7375535938859952;0.9450932641816356
198;60;4;0.7;10;RMSprop;hard_sigmoid;0.7375530627003047;0.9450920993392774
198;80;5;0.7;10;RMSprop;sigmoid;0.7375528422368426;0.9450916158833568
198;90;5;0.7;10;RMSprop;sigmoid;0.7375510431226477;0.9450876706057144
198;50;5;0.7;10;RMSprop;sigmoid;0.7375503699941346;0.9450861945080533
198;70;5;0.7;10;RMSprop;sigmoid;0.7375476955251586;0.9450803297200553
198;100;5;0.7;10;RMSprop;sigmoid;0.7375440309616853;0.9450722938565894
198;80;4;0.7;10;RMSprop;hard_sigmoid;0.7375366154631238;0.9450560330204567
198;30;5;0.7;10;RMSprop;hard_sigmoid;0.7375360909865194;0.9450548829536698
198;30;4;0.7;10;RMSprop;hard_sigmoid;0.7375313989285591;0.9450445943450768
198;70;4;0.7;10;RMSprop;hard_sigmoid;0.737529930149416;0.9450413736808662
198;90;4;0.7;10;RMSprop;hard_sigmoid;0.737528128690829;0.9450374235549799
198;50;4;0.7;10;RMSprop;sigmoid;0.737525352592005;0.9450313363439122
198;100;4;0.7;10;RMSprop;hard_sigmoid;0.7375239562525735;0.9450282745813355
198;30;5;0.7;10;RMSprop;sigmoid;0.7375230150025965;0.9450262107041756
198;30;4;0.7;10;RMSprop;sigmoid;0.7375224124347651;0.9450248894580557
198;20;4;0.7;10;RMSprop;hard_sigmoid;0.7375217642095265;0.9450234681021449
198;40;4;0.7;10;RMSprop;sigmoid;0.7375185343919567;0.9450163861632903
198;50;3;0.7;10;RMSprop;hard_sigmoid;0.7375123780859223;0.9450028875924861
198;20;3;0.7;10;RMSprop;sigmoid;0.7375102879242575;0.9449983046788327
198;60;3;0.7;10;RMSprop;hard_sigmoid;0.737510128457082;0.9449979550304537
198;70;4;0.7;10;RMSprop;sigmoid;0.7375074378164272;0.9449920555479816
198;60;4;0.7;10;RMSprop;sigmoid;0.7375064582923844;0.944989907862219
198;30;3;0.7;10;RMSprop;hard_sigmoid;0.7374994173489302;0.9449744702239038
198;30;2;0.7;10;RMSprop;hard_sigmoid;0.7374953291503967;0.9449655067952113
198;90;3;0.7;10;RMSprop;hard_sigmoid;0.7374932075156565;0.9449608551300346
198;80;3;0.7;10;RMSprop;hard_sigmoid;0.7374907452309752;0.9449554566329246
198;70;3;0.7;10;RMSprop;hard_sigmoid;0.7374902258408172;0.9449543178885829
198;40;2;0.7;10;RMSprop;hard_sigmoid;0.7374900849223045;0.9449540089301145
198;60;2;0.7;10;RMSprop;hard_sigmoid;0.7374809176281396;0.9449339102895431
198;90;4;0.7;10;RMSprop;sigmoid;0.7374765650537294;0.9449243677882592
198;100;2;0.7;10;RMSprop;hard_sigmoid;0.737468946983152;0.9449076663985844
198;50;3;0.7;10;RMSprop;sigmoid;0.7374674849355477;0.9449044611423394
198;70;2;0.7;10;RMSprop;hard_sigmoid;0.7374669939780817;0.9449033848165682
198;100;4;0.7;10;RMSprop;sigmoid;0.7374650324653363;0.9448990846103522
198;100;3;0.7;10;RMSprop;hard_sigmoid;0.7374649708925365;0.9448989496253153
198;80;2;0.7;10;RMSprop;hard_sigmoid;0.737463409545001;0.9448955267177576
198;30;3;0.7;10;RMSprop;sigmoid;0.7374622649012652;0.944893017351672
198;80;4;0.7;10;RMSprop;sigmoid;0.7374527304849736;0.9448721157146999
198;90;2;0.7;10;RMSprop;hard_sigmoid;0.7374520199882091;0.9448705581679109
198;40;2;0.7;10;RMSprop;sigmoid;0.7374488292790915;0.94486356355844
198;90;3;0.7;10;RMSprop;sigmoid;0.7374421441305519;0.9448489087418984
198;50;2;0.7;10;RMSprop;hard_sigmoid;0.7374393226073681;0.9448427236483397
198;100;3;0.7;10;RMSprop;sigmoid;0.7374372383539443;0.94483815476857
198;80;3;0.7;10;RMSprop;sigmoid;0.7374370876377705;0.9448378243857185
198;60;3;0.7;10;RMSprop;sigmoid;0.7374369708960072;0.9448375684778159
198;70;3;0.7;10;RMSprop;sigmoid;0.7374367390909183;0.9448370603415748
198;100;2;0.7;10;RMSprop;sigmoid;0.7374341973016542;0.9448314885508194
198;50;2;0.7;10;RMSprop;sigmoid;0.7374294298718153;0.9448210381141815
198;60;2;0.7;10;RMSprop;sigmoid;0.7374278449933519;0.944817564019659
198;80;2;0.7;10;RMSprop;sigmoid;0.7374276373541961;0.9448171088705859
198;40;3;0.7;10;RMSprop;sigmoid;0.737426947475229;0.9448155966446489
198;70;2;0.7;10;RMSprop;sigmoid;0.7374251211030576;0.9448115932233734
198;90;2;0.7;10;RMSprop;sigmoid;0.7374226123930722;0.9448060941511092
198;30;2;0.7;10;RMSprop;sigmoid;0.7374078646733325;0.9447737681688333
198;100;5;0.7;10;RMSprop;softplus;0.7373989735279624;0.9447542801373713
198;20;2;0.7;10;RMSprop;sigmoid;0.7373840597035436;0.9447215925717737
198;90;5;0.7;10;RMSprop;softplus;0.7373122357438756;0.944564193552113
198;20;2;0.7;10;RMSprop;hard_sigmoid;0.7372907788114769;0.9445171787236658
198;100;4;0.7;10;RMSprop;softplus;0.7372182526633623;0.94435828896512
198;10;5;0.7;10;RMSprop;hard_sigmoid;0.7371525806216994;0.9442144472393096
198;10;4;0.7;10;RMSprop;sigmoid;0.7369449174045903;0.943759802312449
198;80;5;0.7;10;RMSprop;softplus;0.7369000413320042;0.943661593453165
198;90;4;0.7;10;RMSprop;softplus;0.7368400108173957;0.9435302421382069
198;10;2;0.7;10;RMSprop;softsign;0.6687046247150974;0.8083962903427471
198;30;2;0.7;10;RMSprop;softsign;0.6660252530815517;0.8035652992171662
198;40;2;0.7;10;RMSprop;softsign;0.6627699247602363;0.7977373534280262
198;50;2;0.7;10;RMSprop;softsign;0.6585494029075258;0.7902478207727504
198;20;2;0.7;10;RMSprop;softsign;0.6579106432711692;0.7891207300173468
198;60;2;0.7;10;RMSprop;softsign;0.6568041761765109;0.7871723157564633
198;30;2;0.7;10;RMSprop;tanh;0.6558531833243747;0.7855016573085348
198;20;2;0.7;10;RMSprop;tanh;0.6536060608057656;0.7815684967984217
198;40;2;0.7;10;RMSprop;tanh;0.6531896230838905;0.7808418196944815
198;30;2;0.7;10;RMSprop;linear;0.6530953109446874;0.7806773423125077
198;20;2;0.7;10;RMSprop;linear;0.6515389898159136;0.7779682541473795
198;40;2;0.7;10;RMSprop;linear;0.651157537348468;0.7773057174202614
198;50;2;0.7;10;RMSprop;linear;0.649303450687604;0.774093504498101
198;60;2;0.7;10;RMSprop;tanh;0.6469750557565805;0.7700784333934965
198;60;2;0.7;10;RMSprop;linear;0.6463989937257334;0.7690882886625909
198;100;3;0.7;10;RMSprop;softplus;0.6461892943042442;0.7687281683989118
198;50;2;0.7;10;RMSprop;tanh;0.6436477257476136;0.7643767489552127
198;70;2;0.7;10;RMSprop;linear;0.6413410954396821;0.7604485587564537
198;10;2;0.7;10;RMSprop;hard_sigmoid;0.6394809798186648;0.7572951395586027
198;10;5;0.7;10;RMSprop;sigmoid;0.6391891791219776;0.7568016082502929
198;10;4;0.7;10;RMSprop;hard_sigmoid;0.6388429407527707;0.756216408501216
198;10;3;0.7;10;RMSprop;sigmoid;0.6383051678600992;0.7553083505332684
198;10;3;0.7;10;RMSprop;hard_sigmoid;0.6376454601599897;0.7541958349192528
198;10;2;0.7;10;RMSprop;sigmoid;0.6365200349048797;0.7523015788008186
198;80;4;0.7;10;RMSprop;softplus;0.6325996325650269;0.7457383585401394
198;80;2;0.7;10;RMSprop;tanh;0.6159166675980069;0.7183990650816514
198;70;2;0.7;10;RMSprop;softsign;0.6108739733603139;0.7103144421016242
198;70;2;0.7;10;RMSprop;tanh;0.5999123982166501;0.6930103140130004
198;10;2;0.7;10;RMSprop;linear;0.5917534946243161;0.6803601712759502
198;80;2;0.7;10;RMSprop;linear;0.5828782382263354;0.6668109823593694
198;10;2;0.7;10;RMSprop;tanh;0.5101146211795422;0.5628846960138281
198;90;2;0.7;10;RMSprop;linear;0.4818486032492079;0.5253890861548642
198;10;4;0.9;10;RMSprop;hard_sigmoid;0.6201575700337422;0.7252610901034373
198;10;5;0.9;10;RMSprop;hard_sigmoid;0.6199553120526482;0.7249324985128521
198;20;5;0.9;10;RMSprop;sigmoid;0.6195191047402491;0.7242242843790554
198;20;4;0.9;10;RMSprop;hard_sigmoid;0.6191357135494234;0.7236023337876076
198;30;4;0.9;10;RMSprop;hard_sigmoid;0.6188749459002605;0.7231795809348689
198;20;3;0.9;10;RMSprop;hard_sigmoid;0.6187505539008032;0.7229779962799459
198;20;5;0.9;10;RMSprop;hard_sigmoid;0.6186587751055372;0.7228292955009326
198;70;5;0.9;10;RMSprop;hard_sigmoid;0.6186212585094556;0.7227685186722461
198;40;4;0.9;10;RMSprop;sigmoid;0.618551044391907;0.7226547841873121
198;40;5;0.9;10;RMSprop;sigmoid;0.618531499686845;0.7226231280597859
198;50;5;0.9;10;RMSprop;hard_sigmoid;0.6185274644166481;0.7226165923760823
198;100;5;0.9;10;RMSprop;hard_sigmoid;0.6185229090858939;0.7226092144451619
198;20;3;0.9;10;RMSprop;sigmoid;0.6184628291165343;0.7225119136805607
198;50;5;0.9;10;RMSprop;sigmoid;0.6184225236369773;0.7224466446777479
198;40;5;0.9;10;RMSprop;hard_sigmoid;0.618405709707758;0.7224194184635291
198;60;5;0.9;10;RMSprop;sigmoid;0.6183966945213272;0.7224048208614144
198;30;5;0.9;10;RMSprop;sigmoid;0.6183929539384742;0.7223987640989548
198;90;5;0.9;10;RMSprop;hard_sigmoid;0.6183847719679598;0.7223855159870414
198;30;3;0.9;10;RMSprop;hard_sigmoid;0.6183796022460206;0.7223771453703192
198;80;5;0.9;10;RMSprop;hard_sigmoid;0.6183518506775462;0.7223322125694602
198;50;4;0.9;10;RMSprop;sigmoid;0.618332565141045;0.722300988663493
198;60;5;0.9;10;RMSprop;hard_sigmoid;0.6183103904583213;0.722265088626612
198;90;5;0.9;10;RMSprop;sigmoid;0.618300430009634;0.7222489635267729
198;70;5;0.9;10;RMSprop;sigmoid;0.6182991738635029;0.7222469299583067
198;50;3;0.9;10;RMSprop;hard_sigmoid;0.6182562498266182;0.7221774435300597
198;100;5;0.9;10;RMSprop;sigmoid;0.6182384076595173;0.7221485619719437
198;80;5;0.9;10;RMSprop;sigmoid;0.6182287296376017;0.7221328963494432
198;40;4;0.9;10;RMSprop;hard_sigmoid;0.6182258657831562;0.7221282607431228
198;50;4;0.9;10;RMSprop;hard_sigmoid;0.6182156449446233;0.7221117168983728
198;90;4;0.9;10;RMSprop;hard_sigmoid;0.6181988918679008;0.7220846004520417
198;100;4;0.9;10;RMSprop;hard_sigmoid;0.618196201940201;0.7220802466332024
198;80;4;0.9;10;RMSprop;hard_sigmoid;0.6181919875755398;0.7220734254634362
198;70;4;0.9;10;RMSprop;hard_sigmoid;0.6181540595835053;0.7220120396116951
198;80;4;0.9;10;RMSprop;sigmoid;0.6181313435959129;0.7219752763776995
198;80;3;0.9;10;RMSprop;hard_sigmoid;0.6181267287230902;0.7219678079367975
198;60;3;0.9;10;RMSprop;hard_sigmoid;0.6181061343413677;0.7219344800315297
198;30;2;0.9;10;RMSprop;hard_sigmoid;0.6180921708950275;0.7219118837556724
198;60;4;0.9;10;RMSprop;hard_sigmoid;0.6180755866765408;0.7218850472486238
198;30;5;0.9;10;RMSprop;hard_sigmoid;0.6180714152475953;0.7218782972013726
198;90;4;0.9;10;RMSprop;sigmoid;0.6180645732460153;0.721867225857271
198;60;4;0.9;10;RMSprop;sigmoid;0.6180483908130742;0.7218410409527581
198;100;3;0.9;10;RMSprop;hard_sigmoid;0.6180442271257712;0.7218343037991752
198;70;3;0.9;10;RMSprop;hard_sigmoid;0.618025626627343;0.7218042075040375
198;40;2;0.9;10;RMSprop;sigmoid;0.6180201240840228;0.7217953043998064
198;30;4;0.9;10;RMSprop;sigmoid;0.6180169971355719;0.7217902450470427
198;100;4;0.9;10;RMSprop;sigmoid;0.6180162918495591;0.7217891039098859
198;70;3;0.9;10;RMSprop;sigmoid;0.6180150818589816;0.721787146175665
198;70;2;0.9;10;RMSprop;hard_sigmoid;0.6180135898649038;0.7217847321734188
198;70;4;0.9;10;RMSprop;sigmoid;0.618012288238015;0.7217826261855314
198;60;3;0.9;10;RMSprop;sigmoid;0.6179952802771429;0.7217551083890388
198;90;3;0.9;10;RMSprop;hard_sigmoid;0.6179871859260484;0.7217420125736519
198;40;2;0.9;10;RMSprop;hard_sigmoid;0.6179744993272875;0.721721487407226
198;50;2;0.9;10;RMSprop;hard_sigmoid;0.6179375275113598;0.7216616750795743
198;90;3;0.9;10;RMSprop;sigmoid;0.6178999382176326;0.7216008683400327
198;100;2;0.9;10;RMSprop;hard_sigmoid;0.6178928076233876;0.7215893339704543
198;40;3;0.9;10;RMSprop;sigmoid;0.617881552749987;0.7215711285475411
198;80;2;0.9;10;RMSprop;hard_sigmoid;0.6178815354972733;0.7215711006405714
198;20;4;0.9;10;RMSprop;sigmoid;0.6178608807241427;0.7215376913909352
198;50;3;0.9;10;RMSprop;sigmoid;0.6178448344410803;0.7215117373603339
198;40;3;0.9;10;RMSprop;hard_sigmoid;0.6178058057838839;0.7214486140056915
198;90;2;0.9;10;RMSprop;hard_sigmoid;0.6178054758916287;0.7214480804724273
198;60;2;0.9;10;RMSprop;hard_sigmoid;0.6178018191360486;0.7214421664415926
198;80;2;0.9;10;RMSprop;sigmoid;0.6178013265945375;0.7214413698628923
198;100;2;0.9;10;RMSprop;sigmoid;0.6177952551464462;0.7214315506813573
198;80;3;0.9;10;RMSprop;sigmoid;0.6177867175826851;0.7214177433221336
198;70;2;0.9;10;RMSprop;sigmoid;0.6177602736445331;0.7213749784066319
198;60;2;0.9;10;RMSprop;sigmoid;0.617722968937821;0.7213146533889928
198;100;3;0.9;10;RMSprop;sigmoid;0.6176883679081686;0.721258704475511
198;20;2;0.9;10;RMSprop;hard_sigmoid;0.6176567163155098;0.7212075281070017
198;30;3;0.9;10;RMSprop;sigmoid;0.6176445880891328;0.7211879192534175
198;50;2;0.9;10;RMSprop;sigmoid;0.6176164242041189;0.7211423858620611
198;30;2;0.9;10;RMSprop;sigmoid;0.6175941154362297;0.7211063204305017
198;90;2;0.9;10;RMSprop;sigmoid;0.6175553332895584;0.7210436271631607
198;10;4;0.9;10;RMSprop;sigmoid;0.6170025127838491;0.7201504925944976
198;20;2;0.9;10;RMSprop;sigmoid;0.6166091075659995;0.7195155077346722
198;10;2;0.9;10;RMSprop;hard_sigmoid;0.6151876784509982;0.7172253497678698
198;10;3;0.9;10;RMSprop;sigmoid;0.5543064547400696;0.6245765588565324
198;10;2;0.9;10;RMSprop;sigmoid;0.5362210060742465;0.5988363274791371
198;10;5;0.9;10;RMSprop;sigmoid;0.5238029498377068;0.5815663451909235
198;10;3;0.9;10;RMSprop;hard_sigmoid;0.5198631371012619;0.5761521870533798
198;20;2;0.9;10;RMSprop;softsign;0.5061182901329832;0.5574974581882465
198;30;2;0.9;10;RMSprop;softsign;0.5015405937309235;0.5513623840903676
198;40;2;0.9;10;RMSprop;softsign;0.49778049872185187;0.5463511730580499
198;10;2;0.9;10;RMSprop;softsign;0.4941643904973675;0.5415553296718606
198;30;2;0.9;10;RMSprop;tanh;0.490610252610715;0.5368637225475394
198;50;2;0.9;10;RMSprop;softsign;0.49027739029909545;0.5364254371979434
198;30;2;0.9;10;RMSprop;linear;0.4885583323070741;0.5341649155533192
198;40;2;0.9;10;RMSprop;tanh;0.4875869063508623;0.5328897184424302
198;20;2;0.9;10;RMSprop;tanh;0.48602640604500513;0.5308445522474896
198;40;2;0.9;10;RMSprop;linear;0.48597551348045764;0.530777921768023
198;20;2;0.9;10;RMSprop;linear;0.48369200734084716;0.5277926937746932
198;60;2;0.9;10;RMSprop;softsign;0.4832144395885415;0.5271694592478109
198;50;2;0.9;10;RMSprop;tanh;0.48299622359436684;0.5268848083648112
198;50;2;0.9;10;RMSprop;linear;0.48212107183079245;0.5257440059371619
198;60;2;0.9;10;RMSprop;tanh;0.47860608384214726;0.5211746272806899
198;60;2;0.9;10;RMSprop;linear;0.4774616173834807;0.5196911650832391
198;70;2;0.9;10;RMSprop;tanh;0.4765974218153275;0.5185723823358901
198;70;2;0.9;10;RMSprop;linear;0.47605900582314375;0.51787595487929
198;70;2;0.9;10;RMSprop;softsign;0.46266855869987017;0.500701356519009
198;80;2;0.9;10;RMSprop;tanh;0.4621296740638437;0.5000159157377796
198;10;2;0.9;10;RMSprop;tanh;0.4505875978502658;0.48543732291406805
198;80;2;0.9;10;RMSprop;linear;0.45041126606202636;0.48521609246243164
198;90;2;0.9;10;RMSprop;tanh;0.4326860375460475;0.463196716576055
198;10;5;0.4;10;RMSprop;sigmoid;0.4038188576561883;0.4282035032518518
198;10;4;0.4;10;RMSprop;sigmoid;0.40374097429552946;0.4281104483924133
198;30;5;0.4;10;RMSprop;hard_sigmoid;0.4033109555384165;0.42759678878070007
198;20;4;0.4;10;RMSprop;sigmoid;0.4032859505052638;0.42756692668901664
198;50;5;0.4;10;RMSprop;hard_sigmoid;0.40318834090887173;0.42745036397183817
198;60;5;0.4;10;RMSprop;hard_sigmoid;0.40318242765992235;0.4274433028832423
198;40;5;0.4;10;RMSprop;hard_sigmoid;0.40318153387142047;0.42744223560209643
198;40;4;0.4;10;RMSprop;hard_sigmoid;0.40315265467995054;0.42740775118580165
198;60;5;0.4;10;RMSprop;sigmoid;0.40314141155679534;0.4273943261198294
198;50;5;0.4;10;RMSprop;sigmoid;0.4031306890249469;0.4273815228112312
198;70;5;0.4;10;RMSprop;hard_sigmoid;0.40312448940247037;0.4273741201721609
198;80;5;0.4;10;RMSprop;hard_sigmoid;0.4031173009721143;0.4273655369055687
198;30;3;0.4;10;RMSprop;hard_sigmoid;0.4031149268384689;0.42736270211032157
198;20;3;0.4;10;RMSprop;hard_sigmoid;0.40311231843970796;0.427359587602134
198;100;5;0.4;10;RMSprop;hard_sigmoid;0.40309301460215763;0.42733653847064607
198;50;4;0.4;10;RMSprop;hard_sigmoid;0.40308880924726975;0.4273315172575972
198;60;4;0.4;10;RMSprop;hard_sigmoid;0.4030775193695291;0.4273180371922566
198;90;5;0.4;10;RMSprop;sigmoid;0.40307212174499896;0.4273115925036011
198;30;4;0.4;10;RMSprop;hard_sigmoid;0.4030700293669424;0.4273090942422936
198;100;5;0.4;10;RMSprop;sigmoid;0.40306927488387123;0.4273081934044763
198;40;4;0.4;10;RMSprop;sigmoid;0.40306579750268623;0.42730404148879186
198;80;4;0.4;10;RMSprop;hard_sigmoid;0.40306225371263454;0.42729981029669667
198;40;5;0.4;10;RMSprop;sigmoid;0.4030594372820677;0.42729644756298457
198;80;5;0.4;10;RMSprop;sigmoid;0.40305315593638436;0.4272889478572727
198;90;5;0.4;10;RMSprop;hard_sigmoid;0.4030512935987544;0.42728672430039055
198;70;4;0.4;10;RMSprop;hard_sigmoid;0.4030469675749645;0.42728155921583755
198;70;5;0.4;10;RMSprop;sigmoid;0.40304182651508924;0.42727542104155447
198;90;4;0.4;10;RMSprop;hard_sigmoid;0.4030356311725968;0.42726802414569354
198;40;3;0.4;10;RMSprop;hard_sigmoid;0.4030310239567537;0.4272625234137015
198;20;4;0.4;10;RMSprop;hard_sigmoid;0.4030161370073072;0.42724474947956653
198;100;4;0.4;10;RMSprop;hard_sigmoid;0.4030088339604608;0.4272360302662609
198;60;3;0.4;10;RMSprop;hard_sigmoid;0.4029987739064866;0.4272240195225934
198;70;4;0.4;10;RMSprop;sigmoid;0.40299202206901713;0.42721595853868877
198;50;3;0.4;10;RMSprop;hard_sigmoid;0.4029917208061385;0.4272155988637135
198;20;2;0.4;10;RMSprop;sigmoid;0.4029885050120447;0.4272117595632688
198;30;2;0.4;10;RMSprop;hard_sigmoid;0.40295699875835195;0.42717414522925506
198;60;4;0.4;10;RMSprop;sigmoid;0.4029537812552388;0.4271703040167688
198;100;4;0.4;10;RMSprop;sigmoid;0.40294513535856175;0.42715998218161655
198;90;3;0.4;10;RMSprop;hard_sigmoid;0.4029431218988689;0.42715757844106256
198;30;5;0.4;10;RMSprop;sigmoid;0.40292968703145754;0.42714153953262857
198;70;3;0.4;10;RMSprop;hard_sigmoid;0.40292586312131673;0.4271369744830779
198;20;5;0.4;10;RMSprop;sigmoid;0.4029215000793228;0.42713176582918094
198;50;3;0.4;10;RMSprop;sigmoid;0.40292139934328364;0.42713164556950034
198;50;4;0.4;10;RMSprop;sigmoid;0.40292135429153203;0.4271315917862772
198;80;4;0.4;10;RMSprop;sigmoid;0.4029174323694707;0.42712690976616746
198;80;3;0.4;10;RMSprop;hard_sigmoid;0.4029051933319626;0.4271122988245429
198;40;3;0.4;10;RMSprop;sigmoid;0.40288836821899265;0.42709221331481684
198;90;4;0.4;10;RMSprop;sigmoid;0.40288743159341145;0.4270910951980147
198;70;3;0.4;10;RMSprop;sigmoid;0.4028814588008273;0.4270839650729301
198;80;2;0.4;10;RMSprop;hard_sigmoid;0.4028790357909541;0.4270810725744091
198;50;2;0.4;10;RMSprop;sigmoid;0.4028610197722308;0.42705956593679756
198;70;2;0.4;10;RMSprop;hard_sigmoid;0.40285636105062667;0.42705400464458104
198;100;3;0.4;10;RMSprop;hard_sigmoid;0.4028518688201709;0.4270486421227456
198;90;2;0.4;10;RMSprop;hard_sigmoid;0.40284836801635726;0.4270444631152535
198;80;3;0.4;10;RMSprop;sigmoid;0.40284409219766565;0.42703935896989853
198;60;2;0.4;10;RMSprop;hard_sigmoid;0.4028375155385111;0.42703150829812975
198;100;3;0.4;10;RMSprop;sigmoid;0.4028360608844523;0.42702977185912927
198;40;2;0.4;10;RMSprop;hard_sigmoid;0.40283224676731993;0.4270252189106666
198;30;3;0.4;10;RMSprop;sigmoid;0.40282877735282563;0.4270210774515776
198;60;3;0.4;10;RMSprop;sigmoid;0.4028263119521074;0.4270181344976322
198;60;2;0.4;10;RMSprop;sigmoid;0.4028118977250148;0.42700092834454173
198;50;2;0.4;10;RMSprop;hard_sigmoid;0.40280454755159684;0.4269921545903358
198;90;2;0.4;10;RMSprop;sigmoid;0.4028028071720937;0.4269900771434002
198;100;2;0.4;10;RMSprop;hard_sigmoid;0.4027923757816415;0.42697762552967655
198;40;2;0.4;10;RMSprop;sigmoid;0.40278419341869304;0.4269678585948228
198;90;3;0.4;10;RMSprop;sigmoid;0.402777709330425;0.4269601188720145
198;80;2;0.4;10;RMSprop;sigmoid;0.4027238308609929;0.426895808779275
198;30;4;0.4;10;RMSprop;sigmoid;0.4027075662360036;0.4268763957505743
198;100;2;0.4;10;RMSprop;sigmoid;0.40268849521937994;0.4268536334732184
198;70;2;0.4;10;RMSprop;sigmoid;0.4026714926529616;0.4268333403535495
198;20;2;0.4;10;RMSprop;hard_sigmoid;0.4026630169683629;0.42682322447036347
198;30;2;0.4;10;RMSprop;sigmoid;0.40254001340781714;0.4266764267661383
198;20;3;0.4;10;RMSprop;sigmoid;0.40252062552174395;0.42665329001744734
198;20;5;0.4;10;RMSprop;hard_sigmoid;0.40222557093721917;0.42630123652018537
198;10;5;0.4;10;RMSprop;hard_sigmoid;0.39913349705344936;0.4226178041648536
198;30;2;0.4;10;RMSprop;linear;0.3425728102739834;0.3570045199463011
198;30;2;0.4;10;RMSprop;softsign;0.3414998861399386;0.3557894454494756
198;20;2;0.4;10;RMSprop;linear;0.3395454556298106;0.35357866080937017
198;10;2;0.4;10;RMSprop;tanh;0.3388957689781262;0.35284449296680315
198;40;2;0.4;10;RMSprop;softsign;0.33661967121854997;0.35027529918748473
198;40;2;0.4;10;RMSprop;tanh;0.33532849957970895;0.348819836695351
198;40;2;0.4;10;RMSprop;linear;0.3352067813356918;0.34868270415097824
198;50;2;0.4;10;RMSprop;tanh;0.3319654003584922;0.3450354534951578
198;50;2;0.4;10;RMSprop;linear;0.33171208166508165;0.34475078834090345
198;10;4;0.4;10;RMSprop;hard_sigmoid;0.33043565116011847;0.34331722477966925
198;10;3;0.4;10;RMSprop;sigmoid;0.32860225051875436;0.34126049828544447
198;10;2;0.4;10;RMSprop;hard_sigmoid;0.3269484489378175;0.33940763006947045
198;50;2;0.4;10;RMSprop;softsign;0.3128027090247243;0.32364908738922143
198;60;2;0.4;10;RMSprop;softsign;0.3117998149281767;0.3225378077461828
198;20;2;0.6;10;RMSprop;softsign;0.5308260261460018;0.5912945545118671
198;10;2;0.6;10;RMSprop;softsign;0.523822139722686;0.5815927913665093
198;20;2;0.6;10;RMSprop;linear;0.5211491331833539;0.5779160653560114
198;30;2;0.6;10;RMSprop;linear;0.5168093187365638;0.5719764570968981
198;30;2;0.6;10;RMSprop;tanh;0.5137990083186199;0.5678777841217767
198;30;2;0.6;10;RMSprop;softsign;0.4830407938443317;0.5269429414676263
198;20;2;0.6;10;RMSprop;tanh;0.43215994019846377;0.4625496185771013
198;10;2;0.6;10;RMSprop;tanh;0.431511047535596;0.4617519808705234
198;40;2;0.6;10;RMSprop;tanh;0.3791801549695169;0.39910178789175593
198;40;2;0.6;10;RMSprop;linear;0.37225103899374923;0.39103371082351135
198;40;2;0.6;10;RMSprop;softsign;0.36810316273610283;0.38622717902517245
198;10;2;0.6;10;RMSprop;linear;0.3208900937607681;0.33263906123471354
